,Season,Game Date,Game Time,Home Team,Home Score,Away Score,Away Team,Report Link
0,19/20,12/10/2019,12:50,Minas,85,93,Flamengo,https://lnb.com.br/partidas/nbb-2019-2020-minas-x-flamengo-12102019-1250/
1,19/20,12/10/2019,16:00,UNIFACISA,101,86,Rio Claro,https://lnb.com.br/partidas/nbb-2019-2020-unifacisa-x-rio-claro-12102019-1600/
2,19/20,14/10/2019,19:30,Basq. Cearense,87,90,Rio Claro,https://lnb.com.br/noticias/basquete-cearense-87-x-90-renata-rio-claro/
3,19/20,14/10/2019,20:00,Minas,84,85,Botafogo,https://lnb.com.br/noticias/minas-84-x-85-botafogo/
4,19/20,15/10/2019,20:00,Paulistano,93,75,São José,https://lnb.com.br/noticias/paulistano-93-x-75-sao-jose/
5,19/20,15/10/2019,20:00,Corinthians,84,97,São Paulo,https://lnb.com.br/noticias/corinthians-84-x-97-sao-paulo/
6,19/20,16/10/2019,19:30,UNIFACISA,76,60,Pato Basquete,https://lnb.com.br/noticias/unifacisa-76-x-60-pato-basquete/
7,19/20,16/10/2019,20:00,Brasília,78,63,Botafogo,https://lnb.com.br/noticias/universo-brasilia-78-x-63-botafogo/
8,19/20,17/10/2019,20:00,Paulistano,94,105,Mogi,https://lnb.com.br/noticias/paulistano-94-x-105-mogi-das-cruzes/
9,19/20,18/10/2019,19:30,Basq. Cearense,78,58,Pato Basquete,https://lnb.com.br/noticias/basquete-cearense-78-x-58-pato-basquete/
10,19/20,18/10/2019,20:00,São Paulo,73,67,São José,https://lnb.com.br/noticias/sao-paulo-73-x-67-sao-jose/
11,19/20,18/10/2019,21:10,Brasília,81,86,Flamengo,https://lnb.com.br/noticias/brasilia-81-x-86-flamengo/
12,19/20,19/10/2019,12:50,Corinthians,87,89,Sesi Franca,https://lnb.com.br/noticias/corinthians-87-x-89-franca/
13,19/20,21/10/2019,19:00,Pinheiros,87,96,Sesi Franca,https://lnb.com.br/noticias/pinheiros-87-x-96-sesi-franca-basquete/
14,19/20,21/10/2019,21:10,Corinthians,88,71,Bauru,https://lnb.com.br/noticias/corinthians-88-x-71-bauru-basket/
15,19/20,22/10/2019,19:00,Flamengo,78,75,Paulistano,https://lnb.com.br/noticias/flamengo-78-x-75-paulistano/
16,19/20,22/10/2019,20:00,São Paulo,80,83,Mogi,https://lnb.com.br/noticias/sao-paulo-80-x-83-mogi-das-cruzes/
17,19/20,22/10/2019,20:00,Rio Claro,89,90,Minas,https://lnb.com.br/noticias/rio-claro-89-x-90-minas-tenis-clube/
18,19/20,23/10/2019,20:00,Pinheiros,76,68,Bauru,https://lnb.com.br/noticias/pinheiros-76-x-68-sendi-bauru-basket/
19,19/20,24/10/2019,19:30,Pato Basquete,62,80,Minas,https://lnb.com.br/noticias/pato-basquete-62-x-80-minas-tenis-clube/
20,19/20,24/10/2019,20:00,Mogi,85,79,Corinthians,https://lnb.com.br/noticias/mogi-85-x-79-corinthians/
21,19/20,25/10/2019,20:00,Sesi Franca,86,75,UNIFACISA,https://lnb.com.br/noticias/franca-basquete-x-unifacisa/
22,19/20,25/10/2019,21:10,Flamengo,95,102,São Paulo,https://lnb.com.br/noticias/flamengo-95-x-102-sao-paulo/
23,19/20,26/10/2019,12:50,São José,70,85,Corinthians,https://lnb.com.br/noticias/sao-jose-70-x-85-corinthians/
24,19/20,26/10/2019,18:00,Rio Claro,76,81,Pinheiros,https://lnb.com.br/noticias/rio-claro-76-x-81-piniheiros/
25,19/20,27/10/2019,18:00,Bauru,92,99,UNIFACISA,https://lnb.com.br/noticias/bauru-92-x-99-unifacisa/
26,19/20,28/10/2019,20:00,Pato Basquete,73,76,Brasília,https://lnb.com.br/noticias/pato-basquete-73-x-76-brasilia-2/
27,19/20,29/10/2019,19:00,Sesi Franca,88,80,Basq. Cearense,https://lnb.com.br/noticias/franca-88-x-80-basquete-cearense/
28,19/20,29/10/2019,20:00,Botafogo,70,84,Paulistano,https://lnb.com.br/noticias/botafogo-70-x-84-paulistano/
29,19/20,30/10/2019,20:00,São José,84,89,Pinheiros,https://lnb.com.br/noticias/sao-jose-84-x-89-pinheiros/
30,19/20,30/10/2019,20:00,Rio Claro,75,86,Brasília,https://lnb.com.br/noticias/brasilia-x-renata-rio-claro/
31,19/20,31/10/2019,20:00,Bauru,90,80,Basq. Cearense,https://lnb.com.br/noticias/bauru-90-x-80-basquete-cearense/
32,19/20,01/11/2019,20:00,Mogi,73,69,Pinheiros,https://lnb.com.br/noticias/mogi-das-cruzes-73-x-69-pinheiros/
33,19/20,01/11/2019,21:10,Corinthians,102,76,Botafogo,https://lnb.com.br/noticias/corinthians-102-x-76-botafogo/
34,19/20,02/11/2019,12:50,São Paulo,75,78,Minas,https://lnb.com.br/noticias/sao-paulo-75-x-78-minas/
35,19/20,04/11/2019,19:30,Paulistano,80,76,Minas,https://lnb.com.br/noticias/paulistano-80-x-76-minas-tenis-clube/
36,19/20,04/11/2019,20:00,UNIFACISA,72,64,Botafogo,https://lnb.com.br/noticias/unifacisa-72-x-64-botafogo/
37,19/20,05/11/2019,20:00,Pato Basquete,47,82,Sesi Franca,https://lnb.com.br/noticias/pato-basquete-47-x-82-sesi-franca/
38,19/20,05/11/2019,20:00,Rio Claro,73,82,Corinthians,https://lnb.com.br/noticias/rio-claro-73-x-82-corinthians/
39,19/20,06/11/2019,19:00,UNIFACISA,79,80,Flamengo,https://lnb.com.br/noticias/unifacisa-79-x-80-flamengo/
40,19/20,06/11/2019,21:00,Basq. Cearense,72,76,Botafogo,https://lnb.com.br/noticias/basquete-cearense-72-x-76-botafogo/
41,19/20,07/11/2019,19:00,Bauru,96,98,São José,https://lnb.com.br/noticias/bauru-96-x-98-sao-jose/
42,19/20,07/11/2019,21:30,São Paulo,81,69,Brasília,https://lnb.com.br/noticias/sao-paulo-81-x-69-brasilia/
43,19/20,08/11/2019,20:00,Pato Basquete,67,81,Pinheiros,https://lnb.com.br/noticias/pato-basquete-61-x-87-pinheiros/
44,19/20,08/11/2019,21:10,Basq. Cearense,71,88,Flamengo,https://lnb.com.br/noticias/basquete-cearense-71-x-88-flamengo/
45,19/20,09/11/2019,12:50,Bauru,87,75,Mogi,https://lnb.com.br/noticias/bauru-87-x-75-mogi-das-cruzes/
46,19/20,09/11/2019,17:00,Paulistano,86,68,Brasília,https://lnb.com.br/noticias/paulistano-86-x-68-brasilia/
47,19/20,09/11/2019,18:00,Sesi Franca,95,90,São José,https://lnb.com.br/noticias/sesi-franca-basquete-95-x-90-sao-jose/
48,19/20,11/11/2019,20:00,Sesi Franca,86,80,Mogi,https://lnb.com.br/noticias/sesi-franca-basquete-86-x-80-sao-jose/
49,19/20,12/11/2019,20:00,Flamengo,76,59,Pato Basquete,https://lnb.com.br/noticias/flamengo-76-x-59-pato-basquete/
50,19/20,12/11/2019,20:00,Botafogo,78,85,São Paulo,https://lnb.com.br/noticias/botafogo-78-x-85-sao-paulo/
51,19/20,13/11/2019,20:00,Bauru,74,82,Paulistano,https://lnb.com.br/noticias/bauru-74-x-82-paulistano/
52,19/20,14/11/2019,20:00,Basq. Cearense,77,81,São José,https://lnb.com.br/noticias/basquete-cearense-77-x-81-sao-jose-basketball/
53,19/20,15/11/2019,20:00,Botafogo,85,79,Pato Basquete,https://lnb.com.br/noticias/botafogo-85-x-79-pato-basquete/
54,19/20,15/11/2019,21:10,Flamengo,74,75,Mogi,https://lnb.com.br/noticias/flamengo-74-x-75-mogi-das-cruzes/
55,19/20,16/11/2019,12:50,Sesi Franca,89,92,Paulistano,https://lnb.com.br/noticias/franca-89-x-92-paulistano/
56,19/20,16/11/2019,16:00,UNIFACISA,89,77,São José,https://lnb.com.br/noticias/unifacisa-89-x-77-sao-jose/
57,19/20,17/11/2019,11:00,Brasília,62,96,Bauru,https://lnb.com.br/noticias/universo-brasilia-62-x-96-sendi-bauru-basket/
58,19/20,18/11/2019,20:00,Mogi,73,64,Pato Basquete,https://lnb.com.br/noticias/mogi-das-cruzes-73-x-64-pato-basquete/
59,19/20,19/11/2019,20:00,Corinthians,78,64,Paulistano,https://lnb.com.br/noticias/corinthians-78-x-64-paulistano/
60,19/20,19/11/2019,20:00,Minas,87,68,Bauru,https://lnb.com.br/noticias/minas-tenis-clube-87-x-68-sendi-bauru-basket/
61,19/20,20/11/2019,20:00,Pinheiros,78,88,São Paulo,https://lnb.com.br/noticias/pinheiros-78-x-88-sao-paulo/
62,19/20,20/11/2019,20:00,São José,81,71,Pato Basquete,https://lnb.com.br/noticias/sao-jose-81-x-71-pato-basquete/
63,19/20,21/11/2019,19:00,Mogi,81,83,Rio Claro,https://lnb.com.br/noticias/mogi-81-x-83-rio-claro/
64,19/20,21/11/2019,21:00,Brasília,72,81,Sesi Franca,https://lnb.com.br/noticias/brasilia-72-x-81-sesi-franca/
65,19/20,22/11/2019,20:00,Paulistano,76,78,Basq. Cearense,https://lnb.com.br/noticias/paulistano-76-x-78-basquete-cearense/
66,19/20,22/11/2019,21:10,Pinheiros,70,75,Flamengo,https://lnb.com.br/noticias/pinheiros-70-x-75-flamengo/
67,19/20,23/11/2019,12:50,Minas,89,97,Sesi Franca,https://lnb.com.br/noticias/minas-89-x-97-franca/
68,19/20,23/11/2019,18:00,São José,87,95,Rio Claro,https://lnb.com.br/noticias/sao-jose-87-x-95-rio-claro/
69,19/20,24/11/2019,11:00,Corinthians,80,69,Basq. Cearense,https://lnb.com.br/noticias/corinthians-80-x-69-basquete-cearense/
70,19/20,25/11/2019,19:30,Pinheiros,76,81,Paulistano,https://lnb.com.br/noticias/pinheiros-76-x-81-paulistano/
71,19/20,25/11/2019,20:00,Flamengo,81,72,Botafogo,https://lnb.com.br/noticias/flamengo-81-x-72-botafogo/
72,19/20,26/11/2019,20:00,Corinthians,91,75,UNIFACISA,https://lnb.com.br/noticias/corinthians-91-x-75-unifacisa/
73,19/20,26/11/2019,20:00,Rio Claro,74,92,Bauru,https://lnb.com.br/noticias/rio-claro-74-x-92-bauru/
74,19/20,27/11/2019,20:00,Pinheiros,83,70,Basq. Cearense,https://lnb.com.br/noticias/pinheiros-83-x-70-basquete-cearense/
75,19/20,28/11/2019,20:00,Paulistano,77,76,UNIFACISA,https://lnb.com.br/noticias/paulistano-77-x-76-unifacisa/
76,19/20,29/11/2019,20:00,Pato Basquete,68,80,Corinthians,https://lnb.com.br/noticias/pato-basquete-68-x-90-corinthians/
77,19/20,29/11/2019,21:10,São Paulo,92,73,Basq. Cearense,https://lnb.com.br/noticias/sao-paulo-92-x-73-basquete-cearense/
78,19/20,30/11/2019,12:50,Bauru,71,78,Botafogo,https://lnb.com.br/noticias/bauru-71-x-78-botafogo/
79,19/20,30/11/2019,18:00,São José,92,94,Brasília,https://lnb.com.br/noticias/sao-jose-92-x-94-brasilia/
80,19/20,01/12/2019,11:00,Pinheiros,83,82,UNIFACISA,https://lnb.com.br/noticias/pinheiros-83-x-82-unifacisa/
81,19/20,02/12/2019,20:00,Mogi,93,84,Brasília,https://lnb.com.br/noticias/mogi-das-cruzes-93-x-84-universo-brasilia/
82,19/20,02/12/2019,20:00,Sesi Franca,85,68,Botafogo,https://lnb.com.br/noticias/franca-85-x-68-botafogo/
83,19/20,03/12/2019,20:00,Paulistano,87,90,Rio Claro,https://lnb.com.br/noticias/paulistano-87-x-90-rio-claro/
84,19/20,03/12/2019,20:00,São Paulo,79,89,UNIFACISA,https://lnb.com.br/noticias/sao-paulo-79-x-89-unifacisa/
85,19/20,04/12/2019,20:00,Mogi,91,84,Minas,https://lnb.com.br/noticias/mogi-91-x-84-minas/
86,19/20,05/12/2019,20:00,Bauru,66,79,Flamengo,https://lnb.com.br/noticias/sendi-bauru-basket-66-x-79-flamengo/
87,19/20,06/12/2019,20:00,Basq. Cearense,91,56,Brasília,https://lnb.com.br/noticias/basquete-cearense-94-x-56-brasilia/
88,19/20,06/12/2019,21:10,São José,93,109,Minas,https://lnb.com.br/noticias/sao-jose-basketball-93-x-109-minas-tenis-clube/
89,19/20,07/12/2019,12:50,Sesi Franca,78,82,Flamengo,https://lnb.com.br/noticias/franca-78-x-82-flamengo/
90,19/20,08/12/2019,10:00,Botafogo,92,72,Rio Claro,https://lnb.com.br/noticias/botafogo-92-x-72-rio-claro/
91,19/20,08/12/2019,16:00,UNIFACISA,91,72,Brasília,https://lnb.com.br/noticias/unifacisa-91-x-72-brasilia/
92,19/20,08/12/2019,18:00,Bauru,70,73,São Paulo,https://lnb.com.br/noticias/bauru-70-x-73-sao-paulo/
93,19/20,09/12/2019,19:30,Basq. Cearense,67,71,Mogi,https://lnb.com.br/noticias/basquete-cearense-67-x-71-mogi-das-cruzes/
94,19/20,09/12/2019,20:00,Corinthians,81,82,Pinheiros,https://lnb.com.br/noticias/corinthians-81-x-82-pinheiros/
95,19/20,10/12/2019,20:00,Sesi Franca,87,88,São Paulo,https://lnb.com.br/noticias/sesi-franca-basquete-87-x-88-sao-paulo/
96,19/20,10/12/2019,20:00,Flamengo,91,78,Rio Claro,https://lnb.com.br/noticias/flamengo-91-x-78-rio-claro/
97,19/20,11/12/2019,20:00,UNIFACISA,99,83,Mogi,https://lnb.com.br/noticias/unifacisa-99-x-83-mogi-das-cruzes/
98,19/20,12/12/2019,20:00,Basq. Cearense,79,82,Minas,https://lnb.com.br/noticias/basquete-cearense-79-x-82-minas-tenis-clube/
99,19/20,13/12/2019,21:10,Rio Claro,98,84,Sesi Franca,https://lnb.com.br/noticias/rio-claro-98-x-84-franca/
100,19/20,14/12/2019,12:50,Paulistano,92,98,São Paulo,https://lnb.com.br/noticias/paulistano-92-x-98-sao-paulo/
101,19/20,14/12/2019,16:00,UNIFACISA,84,92,Minas,https://lnb.com.br/noticias/unifacisa-84-x-92-minas/
102,19/20,16/12/2019,20:00,Flamengo,103,83,São José,https://lnb.com.br/noticias/flamengo-103-x-83-sao-jose/
103,19/20,17/12/2019,20:00,São Paulo,95,106,Rio Claro,https://lnb.com.br/noticias/sao-paulo-95-x-106-rio-claro/
104,19/20,17/12/2019,20:00,Pato Basquete,76,79,Bauru,https://lnb.com.br/noticias/pato-basquete-76-x-79-bauru-basket/
105,19/20,18/12/2019,20:00,Botafogo,93,75,São José,https://lnb.com.br/noticias/botafogo-93-x-75-sao-jose/
106,19/20,19/12/2019,19:00,Minas,57,64,Pinheiros,https://lnb.com.br/noticias/minas-57-x-64-pinheiros/
107,19/20,19/12/2019,20:00,Brasília,85,73,Corinthians,https://lnb.com.br/noticias/universo-brasilia-85-x-73-corinthians/
108,19/20,20/12/2019,20:00,Pato Basquete,80,78,Rio Claro,https://lnb.com.br/noticias/pato-basquete-80-x-78-renata-rio-claro/
109,19/20,20/12/2019,21:10,Botafogo,69,79,Mogi,https://lnb.com.br/noticias/botafogo-69-x-79-mogi/
110,19/20,21/12/2019,12:50,Minas,83,82,Corinthians,https://lnb.com.br/noticias/minas-tenis-clube-83-x-82-corinthians/
111,19/20,21/12/2019,17:00,Brasília,79,86,Pinheiros,https://lnb.com.br/noticias/brasilia-79-x-86-pinheiros/
112,19/20,27/12/2019,19:30,Paulistano,74,96,Pato Basquete,https://lnb.com.br/noticias/paulistano-74-x-86-pato-basquete/
113,19/20,27/12/2019,20:00,Pinheiros,92,98,Botafogo,https://lnb.com.br/noticias/pinheiros-92-x-98-botafogo/
114,19/20,27/12/2019,21:10,Bauru,61,80,Sesi Franca,https://lnb.com.br/noticias/sendi-bauru-basket-61-x-80-sesi-franca-basquete/
115,19/20,28/12/2019,12:50,Corinthians,68,72,Flamengo,https://lnb.com.br/noticias/corinthians-68-x-72-flamengo/
116,19/20,28/12/2019,16:00,UNIFACISA,65,55,Basq. Cearense,https://lnb.com.br/noticias/unifacisa-65-x-55-basquete-cearense/
117,19/20,28/12/2019,19:00,Mogi,85,78,São José,https://lnb.com.br/noticias/mogi-85-x-78-sao-jose/
118,19/20,29/12/2019,11:00,São Paulo,87,63,Pato Basquete,https://lnb.com.br/noticias/sao-paulo-87-x-63-pato-basquete/
119,19/20,29/12/2019,11:00,Minas,90,60,Brasília,https://lnb.com.br/noticias/minas-90-x-60-brasilia/
120,19/20,13/01/2020,20:00,Brasília,76,73,Pato Basquete,https://lnb.com.br/noticias/brasilia-76-x-73-pato-basquete/
121,19/20,14/01/2020,20:00,Rio Claro,94,90,São Paulo,https://lnb.com.br/noticias/rio-claro-94-x-90-sao-paulo/
122,19/20,14/01/2020,20:00,Corinthians,103,92,São José,https://lnb.com.br/noticias/corinthians-103-x-92-sao-jose/
123,19/20,15/01/2020,19:30,Basq. Cearense,57,77,Pinheiros,https://lnb.com.br/noticias/basquete-cearense-57-x-77-pinheiros/
124,19/20,15/01/2020,20:00,Minas,86,76,Pato Basquete,https://lnb.com.br/noticias/minas-86-x-76-pato-basquete/
125,19/20,16/01/2020,20:00,Paulistano,73,72,Botafogo,https://lnb.com.br/noticias/paulistano-73-x-72-botafogo/
126,19/20,17/01/2020,20:00,UNIFACISA,80,81,Pinheiros,https://lnb.com.br/noticias/unifacisa-80-x-81-pinheiros/
127,19/20,17/01/2020,21:10,São José,80,108,Bauru,https://lnb.com.br/noticias/sao-jose-80-x-108-bauru/
128,19/20,18/01/2020,12:50,São Paulo,83,68,Botafogo,https://lnb.com.br/noticias/sao-paulo-83-x-68-botafogo/
129,19/20,20/01/2020,20:00,Brasília,87,92,Rio Claro,https://lnb.com.br/noticias/brasilia-87-x-92-rio-claro/
130,19/20,21/01/2020,19:00,São José,97,99,São Paulo,https://lnb.com.br/noticias/sao-jose-97-x-99-sao-paulo/
131,19/20,21/01/2020,20:00,UNIFACISA,77,70,Corinthians,https://lnb.com.br/noticias/unifacisa-77-x-70-corinthians/
132,19/20,22/01/2020,20:00,Minas,104,71,Rio Claro,https://lnb.com.br/noticias/minas-104-x-71-rio-claro/
133,19/20,23/01/2020,20:00,Basq. Cearense,78,84,Corinthians,https://lnb.com.br/noticias/basquete-cearense-78-x-84-corinthians/
134,19/20,24/01/2020,20:00,Rio Claro,92,78,São José,https://lnb.com.br/noticias/rio-claro-92-x-78-sao-jose/
135,19/20,24/01/2020,21:10,Flamengo,94,77,Brasília,https://lnb.com.br/noticias/flamengo-95-x-77-universo-brasilia/
136,19/20,25/01/2020,12:50,Paulistano,72,85,Sesi Franca,https://lnb.com.br/noticias/paulistano-72-x-85-sesi-franca-basquete/
137,19/20,25/01/2020,18:00,Pinheiros,110,106,Mogi,https://lnb.com.br/noticias/pinheiros-110-x-106-mogi/
138,19/20,27/01/2020,20:00,São Paulo,79,86,Sesi Franca,https://lnb.com.br/noticias/sao-paulo-79-x-86-sesi-franca-basquete/
139,19/20,27/01/2020,20:00,Mogi,78,73,Basq. Cearense,https://lnb.com.br/noticias/mogi-das-cruzes-78-x-73-basquete-cearense/
140,19/20,28/01/2020,20:00,Botafogo,84,86,Minas,https://lnb.com.br/noticias/botafogo-84-x-86-minas/
141,19/20,28/01/2020,20:00,Flamengo,83,77,UNIFACISA,https://lnb.com.br/noticias/flamengo-83-x-77-unifacisa/
142,19/20,29/01/2020,20:00,Mogi,83,82,Sesi Franca,https://lnb.com.br/noticias/mogi-83-x-82-franca/
143,19/20,29/01/2020,20:00,Bauru,104,76,Rio Claro,https://lnb.com.br/noticias/bauru-104-x-76-rio-claro/
144,19/20,30/01/2020,20:00,Botafogo,76,81,UNIFACISA,https://lnb.com.br/noticias/botafogo-76-x-81-unifacisa/
145,19/20,30/01/2020,20:00,São José,83,104,Basq. Cearense,https://lnb.com.br/noticias/sao-jose-83-x-104-basquete-cearense/
146,19/20,31/01/2020,20:00,São Paulo,75,74,Paulistano,https://lnb.com.br/noticias/sao-paulo-75-x-74-paulistano/
147,19/20,31/01/2020,21:10,Flamengo,91,95,Minas,https://lnb.com.br/noticias/flamengo-91-x-95-minas/
148,19/20,01/02/2020,12:50,Sesi Franca,94,83,Corinthians,https://lnb.com.br/noticias/sesi-franca-94-x-83-corinthians/
149,19/20,01/02/2020,16:00,Botafogo,86,72,Basq. Cearense,https://lnb.com.br/noticias/botafogo-86-x-72-basquete-cearense/
150,19/20,02/02/2020,11:00,Mogi,96,94,UNIFACISA,https://lnb.com.br/noticias/mogi-96-x-94-unifacisa/
151,19/20,03/02/2020,18:00,Flamengo,78,71,Basq. Cearense,https://lnb.com.br/noticias/flamengo-78-x-71-basquete-cearense/
152,19/20,03/02/2020,20:00,Pato Basquete,86,106,São Paulo,https://lnb.com.br/noticias/pato-basquete-86-x-106-sao-paulo/
153,19/20,04/02/2020,20:00,Sesi Franca,78,69,Pinheiros,https://lnb.com.br/noticias/franca-78-x-69-pinheiros/
154,19/20,04/02/2020,20:00,São José,91,71,UNIFACISA,https://lnb.com.br/noticias/sao-jose-91-x-71-unifacisa/
155,19/20,04/02/2020,20:00,Bauru,75,74,Corinthians,https://lnb.com.br/noticias/bauru-75-x-74-corinthians/
156,19/20,05/02/2020,20:00,Pato Basquete,71,86,Flamengo,https://lnb.com.br/noticias/pato-basquete-71-x-86-flamengo/
157,19/20,05/02/2020,20:15,Brasília,70,86,Mogi,https://lnb.com.br/noticias/universo-brasilia-70-x-86-mogi-das-cruzes/
158,19/20,06/02/2020,20:00,Bauru,70,63,Pinheiros,https://lnb.com.br/noticias/bauru-70-x-63-pinheiros/
159,19/20,07/02/2020,19:00,Botafogo,84,78,Brasília,https://lnb.com.br/noticias/botafogo-84-x-78-brasilia/
160,19/20,07/02/2020,21:00,Basq. Cearense,75,97,Sesi Franca,https://lnb.com.br/noticias/basquete-cearense-75-x-97-sesi-franca/
161,19/20,07/02/2020,21:10,Minas,85,87,São Paulo,https://lnb.com.br/noticias/minas-85-x-87-sao-paulo/
162,19/20,08/02/2020,12:50,Mogi,69,74,Flamengo,https://lnb.com.br/noticias/mogi-das-cruzes-69-x-74-flamengo/
163,19/20,10/02/2020,19:30,UNIFACISA,86,92,Sesi Franca,https://lnb.com.br/noticias/unifacisa-86-x-92-franca/
164,19/20,10/02/2020,20:00,Paulistano,70,86,Flamengo,https://lnb.com.br/noticias/paulistano-70-x-86-flamengo/
165,19/20,11/02/2020,20:00,Minas,87,71,Mogi,https://lnb.com.br/noticias/minas-87-x-71-mogi/
166,19/20,11/02/2020,20:00,Corinthians,88,79,Rio Claro,https://lnb.com.br/noticias/corinthians-88-x-79-rio-claro/
167,19/20,12/02/2020,19:30,Pinheiros,83,92,São José,https://lnb.com.br/noticias/pinheiros-83-x-92-sao-jose/
168,19/20,12/02/2020,19:30,UNIFACISA,83,64,Bauru,https://lnb.com.br/noticias/unifacisa-83-x-64-sendi-bauru-basket/
169,19/20,12/02/2020,20:00,Pato Basquete,69,75,Botafogo,https://lnb.com.br/noticias/pato-basquete-69-x-75-botafogo/
170,19/20,13/02/2020,20:00,Minas,66,71,Paulistano,https://lnb.com.br/noticias/minas-66-x-71-paulistano/
171,19/20,13/02/2020,20:15,Brasília,73,96,São Paulo,https://lnb.com.br/noticias/brasilia-73-x-96-sao-paulo-fc/
172,19/20,14/02/2020,20:00,Basq. Cearense,78,83,Bauru,https://lnb.com.br/noticias/basquete-cearense-78-x-83-sendi-bauru-basket/
173,19/20,14/02/2020,21:10,Rio Claro,89,90,Botafogo,https://lnb.com.br/noticias/rio-claro-89-x-90-botafogo/
174,19/20,15/02/2020,12:50,Pinheiros,81,78,Corinthians,https://lnb.com.br/noticias/pinheiros-81-x-78-corinthians/
175,19/20,15/02/2020,17:00,Brasília,90,78,Paulistano,https://lnb.com.br/noticias/brasilia-90-x-78-paulistano/
176,19/20,26/02/2020,20:00,Pato Basquete,84,72,Basq. Cearense,https://lnb.com.br/noticias/pato-basquete-84-x-72-basquete-cearense/
177,19/20,27/02/2020,20:00,Minas,124,119,São José,https://lnb.com.br/noticias/minas-124-x-119-sao-jose/
178,19/20,28/02/2020,19:30,Pato Basquete,71,61,UNIFACISA,https://lnb.com.br/noticias/pato-71-x-61-unifacisa/
179,19/20,28/02/2020,20:00,Rio Claro,86,79,Basq. Cearense,https://lnb.com.br/noticias/renata-rio-claro-86-x-79-basquete-cearense/
180,19/20,28/02/2020,21:10,Paulistano,88,93,Bauru,https://lnb.com.br/noticias/paulistano-88-x-93-sendi-bauru-basket/
181,19/20,29/02/2020,12:50,São Paulo,89,80,Corinthians,https://lnb.com.br/noticias/sao-paulo-89-x-80-corinthians/
182,19/20,29/02/2020,15:00,Botafogo,88,86,Pinheiros,https://lnb.com.br/noticias/botafogo-88-x-86-pinheiros/
183,19/20,02/03/2020,20:00,Rio Claro,90,80,UNIFACISA,https://lnb.com.br/noticias/renata-rio-claro-90-x-80-unifacisa/
184,19/20,02/03/2020,20:00,São José,81,87,Botafogo,https://lnb.com.br/noticias/sao-jose-81-x-87-botafogo-2/
185,19/20,03/03/2020,20:00,Flamengo,93,82,Pinheiros,https://lnb.com.br/noticias/flamengo-93-x-82-pinheiros/
186,19/20,03/03/2020,20:00,Sesi Franca,97,71,Brasília,https://lnb.com.br/noticias/sesi-franca-97-x-71-universo-brasilia/
187,19/20,03/03/2020,20:00,Mogi,83,94,Paulistano,https://lnb.com.br/noticias/mogi-83-x-94-paulistano/
188,19/20,04/03/2020,20:00,Rio Claro,77,57,Pato Basquete,https://lnb.com.br/noticias/renata-rio-claro-77-x-57-pato-basquete/
189,19/20,05/03/2020,19:00,Bauru,79,83,Brasília,https://lnb.com.br/noticias/bauru-79-x-83-brasilia/
190,19/20,05/03/2020,19:00,São José,97,102,Flamengo,https://lnb.com.br/noticias/sao-jose-97-x-102-flamengo/
191,19/20,05/03/2020,20:10,Sesi Franca,91,82,Minas,https://lnb.com.br/noticias/sesi-franca-basquete-91-x-82-minas-tenis-clube/
192,19/20,05/03/2020,21:00,Mogi,89,61,Botafogo,https://lnb.com.br/noticias/mogi-das-cruzes-89-x-61-botafogo/
193,19/20,06/03/2020,20:00,Basq. Cearense,99,95,Paulistano,https://lnb.com.br/noticias/basquete-cearense-99-x-95-paulistano-corpore/
194,19/20,06/03/2020,21:10,Corinthians,93,81,Pato Basquete,https://lnb.com.br/noticias/corinthians-93-x-81-pato-basquete/
195,19/20,07/03/2020,12:50,Bauru,84,94,Minas,https://lnb.com.br/noticias/sendi-bauru-basket-84-x-94-minas-tenis-clube/
196,19/20,08/03/2020,11:00,Pinheiros,87,83,Pato Basquete,https://lnb.com.br/noticias/pinheiros-87-x-83-pato-basquete/
197,19/20,09/03/2020,20:00,UNIFACISA,101,90,Paulistano,https://lnb.com.br/noticias/unifacisa-101-x-90-paulistano/
198,19/20,09/03/2020,20:30,Brasília,77,92,São José,https://lnb.com.br/noticias/universo-brasilia-77-x-92-sao-jose-basketball/
199,19/20,10/03/2020,20:00,São Paulo,99,64,Bauru,https://lnb.com.br/noticias/sao-paulo-fc-99-x-64-sendi-bauru-basket/
200,19/20,10/03/2020,20:00,Corinthians,78,70,Mogi,https://lnb.com.br/noticias/corinthians-78-x-70-mogi-das-cruzes/
201,19/20,11/03/2020,20:00,Pinheiros,80,86,Rio Claro,https://lnb.com.br/noticias/pinheiros-80-x-86-rio-claro/
202,19/20,12/03/2020,20:00,São José,97,89,Mogi,https://lnb.com.br/noticias/sao-jose-97-x-89-mogi/
203,19/20,13/03/2020,21:10,Sesi Franca,81,79,Bauru,https://lnb.com.br/noticias/sesi-franca-basquete-xx-x-xx-sendi-bauru-basket/
204,19/20,14/03/2020,12:50,Corinthians,70,77,Minas,https://lnb.com.br/noticias/corinthians-70-x-77-minas-tenis-clube/
205,19/20,14/03/2020,18:00,Pinheiros,106,71,Brasília,https://lnb.com.br/noticias/pinheiros-106-x-71-universo-brasilia/
206,19/20,15/03/2020,18:00,UNIFACISA,103,106,São Paulo,https://lnb.com.br/noticias/unifacisa-103-x-106-sao-paulo/
207,18/19,13/10/2018,13:35,Paulistano,75,85,Mogi,https://lnb.com.br/noticias/e-do-mogi-paulistano/
208,18/19,13/10/2018,15:25,Brasília,76,77,Vasco da Gama,https://lnb.com.br/noticias/com-muita-emocao-brasilia-vasco-nbb/
209,18/19,13/10/2018,18:00,Basq. Cearense,54,73,Flamengo,https://lnb.com.br/noticias/forca-rubro-negra-flamengo-basquetecearense-nbb/
210,18/19,13/10/2018,18:00,Pinheiros,92,81,Bauru,https://lnb.com.br/noticias/inicio-insano/
211,18/19,15/10/2018,20:00,Brasília,69,94,Flamengo,https://lnb.com.br/noticias/classico-dominado-flamengo-brasilia-nbb/
212,18/19,15/10/2018,20:00,Botafogo,62,64,Joinville / AABJ ,https://lnb.com.br/noticias/que-estreia-joinville-botafogo-nbb/
213,18/19,15/10/2018,20:00,Pinheiros,88,86,São José,https://lnb.com.br/noticias/vitoria-apertada-pinheiros-sao-jose-nbb/
214,18/19,16/10/2018,20:00,Corinthians,80,83,Sesi Franca,https://lnb.com.br/noticias/no-sufoco-corinthians-franca-nbb/
215,18/19,17/10/2018,20:00,São José,92,86,Basq. Cearense,https://lnb.com.br/noticias/a-primeira-sao-jose-basquete-cearense/
216,18/19,17/10/2018,20:30,Flamengo,76,75,Joinville / AABJ ,https://lnb.com.br/noticias/que-jogo-amigos/
217,18/19,18/10/2018,20:45,Mogi,77,83,Pinheiros,https://lnb.com.br/noticias/pinheiros-100-mogi-nbb/
218,18/19,19/10/2018,19:00,Vasco da Gama,66,74,Joinville / AABJ ,https://lnb.com.br/noticias/ta-em-casa-joinville-vasco-nbb/
219,18/19,19/10/2018,21:10,Corinthians,83,92,Paulistano,https://lnb.com.br/noticias/primeira-vitoria-corinthians-paulistano-nbb/
220,18/19,20/10/2018,14:00,Sesi Franca,74,77,Botafogo,https://lnb.com.br/noticias/botou-fogo-botafogo-franca-nbb/
221,18/19,20/10/2018,19:00,Mogi,100,72,Basq. Cearense,https://lnb.com.br/noticias/mogi-on-fire-basquete-cearense-nbb/
222,18/19,22/10/2018,19:00,Joinville / AABJ ,68,87,Pinheiros,https://lnb.com.br/noticias/fez-chover-pinheiros-joinville/
223,18/19,22/10/2018,20:00,Paulistano,72,60,Basq. Cearense,https://lnb.com.br/noticias/segunda-seguida-paulistano-basquete-cearense/
224,18/19,22/10/2018,20:00,São José,62,71,Minas,https://lnb.com.br/noticias/belo-principio/
225,18/19,23/10/2018,19:00,Bauru,76,80,Vasco da Gama,https://lnb.com.br/noticias/pra-dar-moral/
226,18/19,24/10/2018,19:15,Paulistano,81,76,Minas,https://lnb.com.br/noticias/grande-virada-paulistano-minas/
227,18/19,24/10/2018,21:00,Corinthians,91,79,Brasília,https://lnb.com.br/noticias/primeira-vitoria-corinthians-brasilia/
228,18/19,25/10/2018,19:00,Bauru,82,63,Botafogo,https://lnb.com.br/noticias/primeira-do-dragao-bauru-botafogo-nbb/
229,18/19,25/10/2018,20:45,Sesi Franca,101,75,Vasco da Gama,https://lnb.com.br/noticias/mira-afiada-franca-vasco-nbb/
230,18/19,26/10/2018,18:00,Pinheiros,76,85,Corinthians,https://lnb.com.br/noticias/timao-crescendo/
231,18/19,26/10/2018,21:10,Mogi,97,82,Brasília,https://lnb.com.br/noticias/grande-vitoria-mogi-brasilia/
232,18/19,27/10/2018,14:00,Bauru,69,70,Sesi Franca,https://lnb.com.br/noticias/classico-e-assim/
233,18/19,29/10/2018,20:00,Minas,85,73,Joinville / AABJ ,https://lnb.com.br/noticias/gringo-quente-minas-joinville-nbb/
234,18/19,30/10/2018,20:00,Botafogo,77,74,Paulistano,https://lnb.com.br/noticias/olha-o-fogo-ai/
235,18/19,30/10/2018,20:00,Flamengo,93,73,Mogi,https://lnb.com.br/noticias/so-alegria-flamengo-vence-mogi/
236,18/19,31/10/2018,19:00,Minas,93,65,Vasco da Gama,https://lnb.com.br/noticias/chama-o-gringo-minas-vasco/
237,18/19,31/10/2018,20:00,Basq. Cearense,82,91,Sesi Franca,https://lnb.com.br/noticias/terceira-seguida-franca-basquete-cearense/
238,18/19,31/10/2018,21:00,Brasília,105,113,Bauru,https://lnb.com.br/noticias/jogo-epico-brasilia-bauru-nbb/
239,18/19,01/11/2018,19:00,Joinville / AABJ ,72,98,Corinthians,https://lnb.com.br/noticias/terceira-e-contando-corinthians-joinville-nbb/
240,18/19,01/11/2018,20:00,Botafogo,90,86,Mogi,https://lnb.com.br/noticias/cheios-de-moral/
241,18/19,01/11/2018,20:45,Flamengo,61,74,Pinheiros,https://lnb.com.br/noticias/novo-lider-pinheiros-flamengo/
242,18/19,02/11/2018,19:15,Brasília,73,101,Sesi Franca,https://lnb.com.br/noticias/franca-na-lideranca-brasilia-nbb/
243,18/19,02/11/2018,20:00,Basq. Cearense,82,73,Bauru,https://lnb.com.br/noticias/primeiro-triunfo/
244,18/19,02/11/2018,21:10,Vasco da Gama,60,76,Paulistano,https://lnb.com.br/noticias/e-do-cap-3/
245,18/19,03/11/2018,14:00,Flamengo,72,64,Corinthians,https://lnb.com.br/noticias/e-do-mengao-classico-flamengo-corinthians/
246,18/19,03/11/2018,17:00,Minas,83,79,Pinheiros,https://lnb.com.br/noticias/na-cola-dos-lideres-minas-pinheiros-nbb/
247,18/19,05/11/2018,20:00,São José,74,96,Mogi,https://lnb.com.br/noticias/triunfo-maiusculo-mogi-sao-jose/
248,18/19,06/11/2018,20:00,Bauru,47,77,Flamengo,https://lnb.com.br/noticias/flamengo-imponente-bauru-nbb/
249,18/19,06/11/2018,20:10,Sesi Franca,83,66,Minas,https://lnb.com.br/noticias/grande-fase-franca-minas-nbb/
250,18/19,07/11/2018,19:00,Joinville / AABJ ,72,69,Basq. Cearense,https://lnb.com.br/noticias/recuperado-joinville-basquete-cearense-nbb/
251,18/19,07/11/2018,20:00,Pinheiros,71,82,Paulistano,https://lnb.com.br/noticias/deu-cap-pinheiros-paulistano-nbb/
252,18/19,08/11/2018,20:00,Bauru,81,68,Minas,https://lnb.com.br/noticias/vitoria-do-dragao-bauru-minas/
253,18/19,08/11/2018,20:45,Sesi Franca,84,77,Flamengo,https://lnb.com.br/noticias/franca-na-lideranca-flamengo-nbb/
254,18/19,09/11/2018,21:10,Botafogo,86,71,Corinthians,https://lnb.com.br/noticias/mais-uma-do-glorioso-botafogo-corinthians-nbb/
255,18/19,10/11/2018,14:00,Flamengo,90,70,Vasco da Gama,https://lnb.com.br/noticias/sabor-especial-flamengo-vasco-classico/
256,18/19,10/11/2018,18:00,Bauru,63,75,São José,https://lnb.com.br/noticias/ultrapassagem-bauru-sao-jose-nbb/
257,18/19,10/11/2018,21:00,Pinheiros,88,86,Basq. Cearense,https://lnb.com.br/noticias/vitoria-magistral-pinheiros-basquete-cearense/
258,18/19,12/11/2018,20:00,Corinthians,57,55,Basq. Cearense,https://lnb.com.br/noticias/vitoria-alvinegra-corinthians-basquete-cearense-nbb/
259,18/19,13/11/2018,19:00,Joinville / AABJ ,89,56,Bauru,https://lnb.com.br/noticias/pegaram-fogo-joinville-bauru/
260,18/19,13/11/2018,20:00,Minas,97,99,Mogi,https://lnb.com.br/noticias/um-passo-a-frente-mogi-minas/
261,18/19,14/11/2018,19:00,São José,57,64,Flamengo,https://lnb.com.br/noticias/vitoria-suada-sao-jose-flamengo-nbb/
262,18/19,14/11/2018,21:00,Brasília,82,64,Botafogo,https://lnb.com.br/noticias/que-alivio-brasilia-botafogo-nbb/
263,18/19,15/11/2018,20:00,Mogi,73,67,Bauru,https://lnb.com.br/noticias/bola-neles-shamell-jpbatista-mogi-bauru/
264,18/19,16/11/2018,19:00,Basq. Cearense,65,54,Botafogo,https://lnb.com.br/noticias/alegria-dupla-basquete-cearense-botafogo/
265,18/19,16/11/2018,21:10,Paulistano,97,84,Flamengo,https://lnb.com.br/noticias/respeita-o-campeao-paulistano-flamengo-nbb/
266,18/19,17/11/2018,14:00,Vasco da Gama,78,68,Corinthians,https://lnb.com.br/noticias/e-do-vasco-corinthians-nbb/
267,18/19,19/11/2018,20:00,Mogi,89,95,Sesi Franca,https://lnb.com.br/noticias/vitoria-maiuscula-franca-mogi/
268,18/19,20/11/2018,20:00,Paulistano,88,82,São José,https://lnb.com.br/noticias/paulistano-voando-sao-jose-nbb/
269,18/19,21/11/2018,20:00,Pinheiros,79,61,Brasília,https://lnb.com.br/noticias/triunfo-importante-pinheiros-brasilia-nbb/
270,18/19,22/11/2018,20:45,Sesi Franca,95,93,São José,https://lnb.com.br/noticias/forca-de-lider-franca-sao-jose-nbb/
271,18/19,23/11/2018,21:10,Joinville / AABJ ,77,84,Brasília,https://lnb.com.br/noticias/para-dar-moral-brasilia-joinville/
272,18/19,24/11/2018,14:00,Sesi Franca,89,73,Paulistano,https://lnb.com.br/noticias/festa-completa-franca-paulistano-nbb/
273,18/19,25/11/2018,18:00,Minas,72,69,Corinthians,https://lnb.com.br/noticias/grande-vitoria-minas-corinthians/
274,18/19,27/11/2018,20:00,Botafogo,84,74,São José,https://lnb.com.br/noticias/fogo-reaceso-botafogo-sao-jose-nbb/
275,18/19,29/11/2018,20:45,Vasco da Gama,81,77,São José,https://lnb.com.br/noticias/mais-uma-do-vascao/
276,18/19,01/12/2018,14:00,Vasco da Gama,79,97,Botafogo,https://lnb.com.br/noticias/em-chamas-botafogo-vasco/
277,18/19,04/12/2018,20:00,Minas,85,77,Botafogo,https://lnb.com.br/noticias/vitoria-imponente-minas-botafogo/
278,18/19,04/12/2018,20:00,Pinheiros,91,79,Sesi Franca,https://lnb.com.br/noticias/super-8-e-logo-ali-pinheiros-franca/
279,18/19,05/12/2018,20:00,Basq. Cearense,76,63,Brasília,https://lnb.com.br/noticias/noite-de-cobb-basquete-cearense-brasilia/
280,18/19,05/12/2018,20:00,Corinthians,74,82,São José,https://lnb.com.br/noticias/super-8-pode-sonhar-sao-jose-corinthians/
281,18/19,06/12/2018,19:00,Bauru,85,64,Paulistano,https://lnb.com.br/noticias/que-retorno-bauru-paulistano/
282,18/19,06/12/2018,20:45,Mogi,81,67,Joinville / AABJ ,https://lnb.com.br/noticias/no-g-4-mogi-joinville/
283,18/19,07/12/2018,19:00,Basq. Cearense,66,60,Vasco da Gama,https://lnb.com.br/noticias/carcara-voando-basquete-cearense-vasco-nbb/
284,18/19,07/12/2018,21:10,Flamengo,102,73,Botafogo,https://lnb.com.br/noticias/imponente-flamengo-botafogo-nbb/
285,18/19,08/12/2018,14:00,Mogi,102,96,Corinthians,https://lnb.com.br/noticias/na-raca-mogi-corinthians-nbb/
286,18/19,08/12/2018,18:00,São José,102,100,Joinville / AABJ ,https://lnb.com.br/noticias/ainda-vivos-sao-jose-joinville-nbb/
287,18/19,10/12/2018,20:00,Brasília,88,77,Minas,https://lnb.com.br/noticias/no-caminho-certo-brasilia-minas-nbb/
288,18/19,10/12/2018,20:00,Paulistano,109,97,Joinville / AABJ ,https://lnb.com.br/noticias/pra-dar-moral-paulistano-joinville-nbb/
289,18/19,11/12/2018,20:00,Vasco da Gama,65,71,Pinheiros,https://lnb.com.br/noticias/tudo-azul-pinheiros-vasco-nbb/
290,18/19,12/12/2018,20:00,Basq. Cearense,70,61,Minas,https://lnb.com.br/noticias/grande-fase-basquete-cearense-minas-nbb/
291,18/19,13/12/2018,20:00,São José,87,75,Brasília,https://lnb.com.br/noticias/dever-cumprido-agora-e-torcer-sao-jose-brasilia/
292,18/19,13/12/2018,20:45,Botafogo,76,91,Pinheiros,https://lnb.com.br/noticias/pinheiros-e-vice-lider-botafogo-nbb/
293,18/19,14/12/2018,21:10,Vasco da Gama,75,88,Mogi,https://lnb.com.br/noticias/mando-garantido-vasco-mogi/
294,18/19,15/12/2018,14:00,Corinthians,87,83,Bauru,https://lnb.com.br/noticias/triunfo-alvinegro-corinthians-bauru-nbb/
295,18/19,15/12/2018,17:00,Minas,80,91,Flamengo,https://lnb.com.br/noticias/so-a-previa-flamengo-minas-nbb-super8/
296,18/19,15/12/2018,18:00,Paulistano,83,82,Brasília,https://lnb.com.br/noticias/que-venha-o-super-8/
297,18/19,18/12/2018,19:00,Joinville / AABJ ,80,95,Sesi Franca,https://lnb.com.br/noticias/super-8-e-em-casa-franca-joinville/
298,18/19,05/01/2019,14:00,Paulistano,82,78,Corinthians,https://lnb.com.br/noticias/triunfo-alvirrubro-paulistano-corinthians-nbb/
299,18/19,07/01/2019,20:00,Mogi,88,82,São José,https://lnb.com.br/noticias/dever-cumprido-mogi-sao-jose-nbb/
300,18/19,08/01/2019,20:00,Corinthians,97,82,Minas,https://lnb.com.br/noticias/pra-dar-moral-corinthians-minas-nbb/
301,18/19,09/01/2019,20:00,Vasco da Gama,82,88,Bauru,https://lnb.com.br/noticias/bom-e-velho-dragao-vasco-bauru-nbb/
302,18/19,09/01/2019,21:00,Basq. Cearense,65,77,Paulistano,https://lnb.com.br/noticias/mais-uma-do-cap-cearense-paulistano-nbb/
303,18/19,10/01/2019,19:00,Joinville / AABJ ,84,90,Mogi,https://lnb.com.br/noticias/que-vitoria-nbb-mogi-joinville/
304,18/19,10/01/2019,20:45,Pinheiros,87,75,Minas,https://lnb.com.br/noticias/sextou-nbb-minas-pinheiros/
305,18/19,11/01/2019,19:15,Brasília,71,97,Paulistano,https://lnb.com.br/noticias/grande-fase-brasilia-paulistano-nbb/
306,18/19,11/01/2019,21:10,Botafogo,74,80,Bauru,https://lnb.com.br/noticias/o-dragao-e-fogo-bauru-botafogo/
307,18/19,12/01/2019,14:00,Corinthians,68,91,Flamengo,https://lnb.com.br/noticias/vitoria-maiuscula-corinthians-flamengo-nbb/
308,18/19,12/01/2019,18:00,Sesi Franca,82,74,Basq. Cearense,https://lnb.com.br/noticias/no-sufoco-franca-basquete-cearense-nbb/
309,18/19,14/01/2019,19:00,Joinville / AABJ ,81,92,Vasco da Gama,https://lnb.com.br/noticias/sai-zica-vasco-joinville-nbb/
310,18/19,14/01/2019,19:00,Pinheiros,81,73,Flamengo,https://lnb.com.br/noticias/que-vitoria-pinheiros-x-flamengo/
311,18/19,14/01/2019,21:00,Bauru,82,71,Basq. Cearense,https://lnb.com.br/noticias/deu-dragao-bauru-basquete-cearense-nbb/
312,18/19,15/01/2019,19:00,Brasília,76,80,Mogi,https://lnb.com.br/noticias/o-nome-dele-e-clutch/
313,18/19,16/01/2019,19:00,Minas,75,80,São José,https://lnb.com.br/noticias/aguia-fatal-sao-jose-minas-nbb/
314,18/19,16/01/2019,20:00,Corinthians,77,80,Pinheiros,https://lnb.com.br/noticias/quem-segura-corinthians-pinheiros-nbb/
315,18/19,17/01/2019,19:00,Vasco da Gama,78,84,Sesi Franca,https://lnb.com.br/noticias/lider-sim-franca-vasco-nbb/
316,18/19,17/01/2019,20:45,Basq. Cearense,60,73,Mogi,https://lnb.com.br/noticias/7-seguidas-mogi-cearense/
317,18/19,18/01/2019,21:10,Flamengo,96,83,São José,https://lnb.com.br/noticias/recuperados-flamengo-sao-jose-nbb-18-19/
318,18/19,19/01/2019,14:00,Botafogo,69,71,Sesi Franca,https://lnb.com.br/noticias/chama-o-dj-franca-botafogo-nbb/
319,18/19,19/01/2019,18:00,Joinville / AABJ ,80,89,Minas,https://lnb.com.br/noticias/reabilitado-minas-joinville/
320,18/19,21/01/2019,20:00,Mogi,65,64,Minas,https://lnb.com.br/noticias/quem-para-mogi-minas-nbb/
321,18/19,22/01/2019,19:00,Bauru,75,76,Brasília,https://lnb.com.br/noticias/enfim-vitoria-brasilia-bauru-nbb/
322,18/19,22/01/2019,20:00,Botafogo,78,69,Basq. Cearense,https://lnb.com.br/noticias/em-chamas-botafogo-basquete-cearense-nbb/
323,18/19,23/01/2019,19:30,Paulistano,85,91,Pinheiros,https://lnb.com.br/noticias/nona-seguida-pinheiros-paulistano-nbb/
324,18/19,24/01/2019,19:00,Vasco da Gama,77,79,Basq. Cearense,https://lnb.com.br/noticias/heroi-do-carcara-basquete-cearense-vasco/
325,18/19,24/01/2019,20:45,Joinville / AABJ ,50,89,Flamengo,https://lnb.com.br/noticias/mengo-compressor-flamengo-joinville/
326,18/19,26/01/2019,14:00,Mogi,74,81,Flamengo,https://lnb.com.br/noticias/no-brilho-da-dupla-flamengo-mogi-nbb/
327,18/19,26/01/2019,18:00,Pinheiros,69,67,Botafogo,https://lnb.com.br/noticias/10-x-pinheiros-botafogo-nbb/
328,18/19,28/01/2019,20:00,São José,79,72,Botafogo,https://lnb.com.br/noticias/salto-triplo-sao-jose-botafogo/
329,18/19,29/01/2019,20:00,Basq. Cearense,77,90,Corinthians,https://lnb.com.br/noticias/trator-alvinegro-corinthians-basquete-cearense-nbb/
330,18/19,30/01/2019,20:00,Minas,88,85,Paulistano,https://lnb.com.br/noticias/com-emocao-minas-paulistano-nbb/
331,18/19,31/01/2019,20:45,Brasília,84,82,Corinthians,https://lnb.com.br/noticias/toque-de-experiencia-brasilia-corinthians-nbb/
332,18/19,01/02/2019,21:10,Flamengo,95,87,Paulistano,https://lnb.com.br/noticias/cara-de-playoff-flamengo-paulistano/
333,18/19,02/02/2019,14:00,Sesi Franca,88,71,Bauru,https://lnb.com.br/noticias/firme-e-forte-classico-bauru-franca-nbb/
334,18/19,04/02/2019,20:00,São José,67,83,Pinheiros,https://lnb.com.br/noticias/ninguem-para-pinheiros-sao-jose-nbb/
335,18/19,04/02/2019,20:00,Vasco da Gama,81,92,Minas,https://lnb.com.br/noticias/para-embalar-minas-vasco-nbb/
336,18/19,05/02/2019,20:00,Brasília,80,87,Basq. Cearense,https://lnb.com.br/noticias/com-emocao-basquete-cearense-brasilia-nbb/
337,18/19,05/02/2019,20:00,Flamengo,79,74,Sesi Franca,https://lnb.com.br/noticias/isso-e-flamengo-franca-nbb/
338,18/19,11/02/2019,20:10,Sesi Franca,83,69,Brasília,https://lnb.com.br/noticias/para-embalar-2/
339,18/19,13/02/2019,20:00,Mogi,90,88,Vasco da Gama,https://lnb.com.br/noticias/vitoria-heroica-mogi-vasco/
340,18/19,13/02/2019,20:00,Pinheiros,92,70,Joinville / AABJ ,https://lnb.com.br/noticias/embalados-pinheiros-joinville-nbb/
341,18/19,13/02/2019,21:00,Basq. Cearense,76,86,São José,https://lnb.com.br/noticias/firme-entre-os-8-sao-jose/
342,18/19,14/02/2019,20:45,Minas,93,89,Bauru,https://lnb.com.br/noticias/terceira-seguida-minas-bauru-nbb/
343,18/19,15/02/2019,19:15,Corinthians,92,83,Joinville / AABJ ,https://lnb.com.br/noticias/raca-alvinegra-corinthians-joinville-nbb/
344,18/19,15/02/2019,20:00,Brasília,81,73,São José,https://lnb.com.br/noticias/chegando-la-brasilia-sao-jose-nbb/
345,18/19,15/02/2019,21:10,Mogi,89,91,Paulistano,https://lnb.com.br/noticias/recuperado-paulistano-mogi-nbb/
346,18/19,16/02/2019,14:00,Minas,86,103,Sesi Franca,https://lnb.com.br/noticias/na-cola-do-lider-franca-minas-nbb/
347,18/19,19/02/2019,19:00,Joinville / AABJ ,54,59,Botafogo,https://lnb.com.br/noticias/vitoria-suada-botafogo-joinville/
348,18/19,23/02/2019,14:00,Botafogo,79,74,Vasco da Gama,https://lnb.com.br/noticias/que-virada-botafogo-vasco-nbb/
349,18/19,26/02/2019,20:00,São José,82,68,Vasco da Gama,https://lnb.com.br/noticias/solta-o-grito-aguia-sao-jose-vasco/
350,18/19,26/02/2019,20:00,Basq. Cearense,88,77,Joinville / AABJ ,https://lnb.com.br/noticias/que-virada-cearense-joinville/
351,18/19,28/02/2019,19:00,Paulistano,109,65,Vasco da Gama,https://lnb.com.br/noticias/dominante-paulistano-vasco-nbb/
352,18/19,28/02/2019,20:00,Brasília,98,90,Joinville / AABJ ,https://lnb.com.br/noticias/rumo-aos-playoffs-brasilia-joinville-nbb/
353,18/19,28/02/2019,20:00,Bauru,68,75,Pinheiros,https://lnb.com.br/noticias/quem-para-pinheiros-nbb/
354,18/19,28/02/2019,21:00,Corinthians,90,79,Mogi,https://lnb.com.br/noticias/voa-gaviao/
355,18/19,01/03/2019,21:10,Botafogo,67,73,Flamengo,https://lnb.com.br/noticias/colou-no-franca/
356,18/19,02/03/2019,18:00,Sesi Franca,93,78,Pinheiros,https://lnb.com.br/noticias/franca-e-lider-pinheiros-nbb/
357,18/19,04/03/2019,18:00,Sesi Franca,83,60,Corinthians,https://lnb.com.br/noticias/na-hora-certa-corinthians-franca-nbb/
358,18/19,06/03/2019,20:00,Botafogo,79,62,Minas,https://lnb.com.br/noticias/firme-e-forte-botafogo-minas-nbb/
359,18/19,07/03/2019,19:00,Vasco da Gama,78,94,Brasília,https://lnb.com.br/noticias/com-propriedade-brasilia-vasco-nbb/
360,18/19,07/03/2019,20:00,Bauru,92,81,Corinthians,https://lnb.com.br/noticias/dragao-imponente-bauru-corinthians-nbb/
361,18/19,08/03/2019,21:10,Pinheiros,78,71,Mogi,https://lnb.com.br/noticias/daqui-nao-saio-pinheiros-mogi-nbb/
362,18/19,09/03/2019,11:30,Botafogo,79,65,Brasília,https://lnb.com.br/noticias/em-chamas-botafogo-brasilia-nbb/
363,18/19,09/03/2019,14:00,Flamengo,82,60,Minas,https://lnb.com.br/noticias/vitoria-na-superacao/
364,18/19,11/03/2019,19:00,Joinville / AABJ ,87,84,São José,https://lnb.com.br/noticias/no-sufoco-joinville-sao-jose-nbb/
365,18/19,12/03/2019,20:00,Flamengo,80,72,Bauru,https://lnb.com.br/noticias/flamengo-embalado-nbb/
366,18/19,14/03/2019,20:00,Basq. Cearense,79,81,Pinheiros,https://lnb.com.br/noticias/vitoria-suada-pinheiros-basquete-cearense-nbb/
367,18/19,14/03/2019,20:00,São José,74,83,Bauru,https://lnb.com.br/noticias/voa-dragao-bauru-sao-jose-nbb/
368,18/19,15/03/2019,19:00,Joinville / AABJ ,87,97,Paulistano,https://lnb.com.br/noticias/foi-na-prorrogacao-nbb-joinville-paulistano/
369,18/19,15/03/2019,21:10,Mogi,89,72,Botafogo,https://lnb.com.br/noticias/briga-boa-nbb-mogi-botafogo/
370,18/19,16/03/2019,14:00,São José,80,98,Sesi Franca,https://lnb.com.br/noticias/sesi-franca-98-x-80-sao-jose/
371,18/19,16/03/2019,14:00,Vasco da Gama,67,107,Flamengo,https://lnb.com.br/noticias/flamengo-107-x-67-vasco-da-gama/
372,18/19,16/03/2019,18:00,Brasília,81,77,Pinheiros,https://lnb.com.br/noticias/ubr-81-x-77-pin/
373,18/19,18/03/2019,19:30,Paulistano,86,93,Sesi Franca,https://lnb.com.br/noticias/franca-93-x-86-paulistano/
374,18/19,19/03/2019,17:00,São José,61,72,Corinthians,https://lnb.com.br/noticias/sao-jose-61-x-72-corinthians/
375,18/19,21/03/2019,19:30,Paulistano,74,76,Bauru,https://lnb.com.br/noticias/paulistano-74-x-76-bauru-basket/
376,18/19,23/03/2019,14:00,Sesi Franca,82,65,Mogi,https://lnb.com.br/noticias/franca-82-x-65-mogi/
377,18/19,24/03/2019,11:00,Bauru,84,76,Joinville / AABJ ,https://lnb.com.br/noticias/bauru-84-x-76-joinville/
378,18/19,24/03/2019,11:00,Corinthians,85,72,Vasco da Gama,https://lnb.com.br/noticias/corinthians-85-x-72-vasco/
379,18/19,24/03/2019,11:00,Paulistano,100,104,Botafogo,https://lnb.com.br/noticias/botafogo-104-x-100-paulistano/
380,18/19,24/03/2019,11:00,Minas,95,85,Basq. Cearense,https://lnb.com.br/noticias/minas-95-x-85-basquete-cearense/
381,18/19,24/03/2019,13:00,Flamengo,97,54,Brasília,https://lnb.com.br/noticias/flamengo-97-x-54-brasilia/
382,18/19,26/03/2019,20:00,São José,65,73,Paulistano,https://lnb.com.br/noticias/sao-jose-65-x-73-paulistano/
383,18/19,26/03/2019,20:00,Minas,68,74,Brasília,https://lnb.com.br/noticias/minas-68-x-74-brasilia/
384,18/19,26/03/2019,20:00,Flamengo,100,82,Basq. Cearense,https://lnb.com.br/noticias/flamengo-100-x-82-basquete-cearense/
385,18/19,26/03/2019,20:00,Pinheiros,112,80,Vasco da Gama,https://lnb.com.br/noticias/pinheiros-112-x-80-vasco/
386,18/19,26/03/2019,20:00,Corinthians,84,77,Botafogo,https://lnb.com.br/noticias/corinthians-84-x-77-botafogo/
387,18/19,26/03/2019,20:00,Sesi Franca,84,72,Joinville / AABJ ,https://lnb.com.br/noticias/sesi-franca-84-x-72-joinville/
388,18/19,26/03/2019,20:00,Bauru,81,96,Mogi,https://lnb.com.br/noticias/bauru-81-x-96-mogi/
389,18/19,30/03/2019,14:00,Brasília,87,78,Corinthians,https://lnb.com.br/noticias/brasilia-87-x-78-corinthians/
390,18/19,01/04/2019,20:00,São José,81,87,Botafogo,https://lnb.com.br/noticias/sao-jose-81-x-87-botafogo/
391,18/19,03/04/2019,20:00,Minas,78,71,Bauru,https://lnb.com.br/noticias/minas-78-x-71-bauru/
392,18/19,04/04/2019,20:00,Corinthians,92,86,Brasília,https://lnb.com.br/noticias/corinthians-92-x-86-brasilia/
393,18/19,05/04/2019,19:00,Basq. Cearense,75,68,Paulistano,https://lnb.com.br/noticias/basquete-cearense-75-x-68-paulistano/
394,18/19,05/04/2019,21:10,Botafogo,66,61,São José,https://lnb.com.br/noticias/botafogo-66-x-61-sao-jose/
395,18/19,06/04/2019,14:00,Bauru,66,59,Minas,https://lnb.com.br/noticias/bauru-66-x-59-minas/
396,18/19,06/04/2019,19:30,Corinthians,83,74,Brasília,https://lnb.com.br/noticias/corinthians-83-x-74-brasilia/
397,18/19,08/04/2019,19:00,Paulistano,74,84,Basq. Cearense,https://lnb.com.br/noticias/paulistano-74-x-84-basquete-cearense/
398,18/19,08/04/2019,20:00,Bauru,85,64,Minas,https://lnb.com.br/noticias/bauru-85-x-64-minas/
399,18/19,12/04/2019,21:10,Botafogo,91,76,Pinheiros,https://lnb.com.br/noticias/botafogo-97-x-76-pinheiros/
400,18/19,13/04/2019,14:00,Corinthians,73,92,Flamengo,https://lnb.com.br/noticias/corinthians-73-x-92-flamengo/
401,18/19,13/04/2019,18:00,Basq. Cearense,69,77,Mogi,https://lnb.com.br/noticias/basquete-cearense-69-x-77-mogi/
402,18/19,16/04/2019,21:00,Bauru,82,94,Sesi Franca,https://lnb.com.br/noticias/bauru-82-x-94-franca/
403,18/19,17/04/2019,20:00,Flamengo,79,60,Corinthians,https://lnb.com.br/noticias/flamengo-79-x-60-corinthians/
404,18/19,18/04/2019,19:30,Pinheiros,67,58,Botafogo,https://lnb.com.br/noticias/pinheiros-67-x-58-botafogo/
405,18/19,19/04/2019,21:10,Mogi,96,71,Basq. Cearense,https://lnb.com.br/noticias/mogi-96-x-71-basquete-cearense/
406,18/19,20/04/2019,14:00,Flamengo,91,65,Corinthians,https://lnb.com.br/noticias/flamengo-91-x-65-corinthians/
407,18/19,20/04/2019,18:00,Pinheiros,89,64,Botafogo,https://lnb.com.br/noticias/pinheiros-89-x-64-botafogo/
408,18/19,21/04/2019,19:00,Mogi,73,71,Basq. Cearense,https://lnb.com.br/noticias/mogi-73-x-71-basquete-cearense/
409,18/19,22/04/2019,20:10,Sesi Franca,83,77,Bauru,https://lnb.com.br/noticias/franca-83-x-77-bauru/
410,18/19,24/04/2019,20:10,Sesi Franca,90,68,Bauru,https://lnb.com.br/noticias/franca-90-x-68-bauru/
411,18/19,27/04/2019,14:00,Botafogo,88,73,Pinheiros,https://lnb.com.br/noticias/botafogo-88-x-73-pinheiros/
412,18/19,30/04/2019,20:00,Pinheiros,78,82,Botafogo,https://lnb.com.br/noticias/pinheiros-78-x-82-botafogo/
413,18/19,03/05/2019,21:00,Botafogo,77,79,Flamengo,https://lnb.com.br/noticias/botafogo-77-x-79-flamengo/
414,18/19,04/05/2019,14:00,Mogi,77,85,Sesi Franca,https://lnb.com.br/noticias/mogi-77-x-85-franca/
415,18/19,08/05/2019,19:00,Sesi Franca,89,78,Mogi,https://lnb.com.br/noticias/franca-89-x-78-mogi/
416,18/19,09/05/2019,20:00,Flamengo,81,69,Botafogo,https://lnb.com.br/noticias/flamengo-81-x-69-botafogo/
417,18/19,10/05/2019,20:00,Sesi Franca,108,100,Mogi,https://lnb.com.br/noticias/franca-108-x-100-botafogo/
418,18/19,11/05/2019,14:00,Flamengo,77,81,Botafogo,https://lnb.com.br/noticias/flamengo-77-x-81-botafogo/
419,18/19,14/05/2019,21:00,Botafogo,75,90,Flamengo,https://lnb.com.br/noticias/botafogo-75-x-90-flamengo/
420,18/19,19/05/2019,10:45,Flamengo,82,68,Sesi Franca,https://lnb.com.br/noticias/flamengo-82-x-68-franca/
421,18/19,23/05/2019,20:00,Sesi Franca,88,79,Flamengo,https://lnb.com.br/noticias/franca-88-x-79-flamengo/
422,18/19,25/05/2019,14:30,Sesi Franca,77,71,Flamengo,https://lnb.com.br/noticias/franca-77-x-71-flamengo/
423,18/19,01/06/2019,14:30,Flamengo,76,62,Sesi Franca,https://lnb.com.br/noticias/flamengo-76-x-62-franca/
424,18/19,08/06/2019,14:30,Sesi Franca,72,81,Flamengo,https://lnb.com.br/noticias/franca-72-x-81-flamengo/
425,17/18,04/11/2017,14:00,Bauru,72,71,Paulistano,https://lnb.com.br/noticias/deubauru/
426,17/18,06/11/2017,20:10,Sesi Franca,73,77,Campo Mourão,https://lnb.com.br/noticias/campo-valente/
427,17/18,07/11/2017,19:30,Minas,82,81,Vasco da Gama,https://lnb.com.br/noticias/hoje-nao/
428,17/18,07/11/2017,20:00,L. Sorocabana,91,76,Basq. Cearense,https://lnb.com.br/noticias/cavalaria-acionada/
429,17/18,08/11/2017,20:00,Bauru,82,80,Campo Mourão,https://lnb.com.br/noticias/no-sufoco-7/
430,17/18,09/11/2017,20:00,L. Sorocabana,80,75,Vitória,https://lnb.com.br/noticias/empolgou/
431,17/18,09/11/2017,20:00,Mogi,80,62,Basq. Cearense,https://lnb.com.br/noticias/inicio-quente/
432,17/18,10/11/2017,20:10,Sesi Franca,97,73,Paulistano,https://lnb.com.br/noticias/nova-historia-4/
433,17/18,11/11/2017,14:00,Mogi,80,75,Vitória,https://lnb.com.br/noticias/teve-emocao/
434,17/18,14/11/2017,19:30,Paulistano,72,67,Flamengo,https://lnb.com.br/noticias/saborespecial/
435,17/18,14/11/2017,20:00,Vasco da Gama,71,82,Pinheiros,https://lnb.com.br/noticias/inicio-positivo/
436,17/18,14/11/2017,20:15,Campo Mourão,69,77,Minas,https://lnb.com.br/noticias/sai-da-frente-6/
437,17/18,15/11/2017,13:00,Joinville / AABJ ,66,59,Sesi Franca,https://lnb.com.br/noticias/incrivel-joinville/
438,17/18,15/11/2017,15:00,Caxias do Sul,70,69,Bauru,https://lnb.com.br/noticias/dia-dos-caues/
439,17/18,16/11/2017,20:00,Paulistano,93,86,Minas,https://lnb.com.br/noticias/e-do-cap-2/
440,17/18,16/11/2017,20:00,Vasco da Gama,76,68,L. Sorocabana,https://lnb.com.br/noticias/sai-zica-6/
441,17/18,16/11/2017,20:00,Botafogo,73,81,Pinheiros,https://lnb.com.br/noticias/no-controle-7/
442,17/18,16/11/2017,20:15,Campo Mourão,82,89,Flamengo,https://lnb.com.br/noticias/solta-o-grito_/
443,17/18,17/11/2017,20:00,Joinville / AABJ ,71,97,Bauru,https://lnb.com.br/noticias/cuspiu-fogo/
444,17/18,17/11/2017,20:05,Caxias do Sul,80,86,Sesi Franca,https://lnb.com.br/noticias/pura-superacao/
445,17/18,18/11/2017,11:00,Botafogo,70,64,L. Sorocabana,https://lnb.com.br/noticias/fogo-aceso-2/
446,17/18,18/11/2017,14:00,Vasco da Gama,75,82,Mogi,https://lnb.com.br/noticias/poe-na-conta-5/
447,17/18,19/11/2017,19:00,Pinheiros,92,79,Basq. Cearense,https://lnb.com.br/noticias/100-pinheiros/
448,17/18,21/11/2017,19:30,Botafogo,65,70,Mogi,https://lnb.com.br/noticias/vai-contando-2/
449,17/18,22/11/2017,19:30,Campo Mourão,63,84,Caxias do Sul,https://lnb.com.br/noticias/forca-do-grupo-5/
450,17/18,25/11/2017,14:00,Minas,74,56,Botafogo,https://lnb.com.br/noticias/minas-e-g-4/
451,17/18,28/11/2017,19:30,Minas,86,84,Caxias do Sul,https://lnb.com.br/noticias/decisivoepouco/
452,17/18,29/11/2017,21:00,Vitória,86,76,Botafogo,https://lnb.com.br/noticias/a-primeira-9/
453,17/18,30/11/2017,19:30,Flamengo,79,69,Caxias do Sul,https://lnb.com.br/noticias/para-a-nacao/
454,17/18,30/11/2017,20:00,L. Sorocabana,63,68,Campo Mourão,https://lnb.com.br/noticias/deu-campo/
455,17/18,01/12/2017,20:15,Basq. Cearense,61,47,Botafogo,https://lnb.com.br/noticias/sai-fora/
456,17/18,02/12/2017,14:00,Sesi Franca,87,83,Bauru,https://lnb.com.br/noticias/viradaheroica/
457,17/18,02/12/2017,17:00,Mogi,72,69,Campo Mourão,https://lnb.com.br/noticias/fez-a-quina/
458,17/18,02/12/2017,18:00,Flamengo,86,75,Joinville / AABJ ,https://lnb.com.br/noticias/terceiraseguida/
459,17/18,04/12/2017,19:00,Minas,69,52,Joinville / AABJ ,https://lnb.com.br/noticias/a-vontade-3/
460,17/18,04/12/2017,19:00,Caxias do Sul,82,66,L. Sorocabana,https://lnb.com.br/noticias/reacendeu-2/
461,17/18,04/12/2017,19:30,Pinheiros,80,51,Campo Mourão,https://lnb.com.br/noticias/anota-a-placa/
462,17/18,05/12/2017,19:30,Basq. Cearense,85,76,Vasco da Gama,https://lnb.com.br/noticias/aquela-vitoria/
463,17/18,06/12/2017,19:30,Pinheiros,81,65,Paulistano,https://lnb.com.br/noticias/sai-da-frente-7/
464,17/18,06/12/2017,20:00,Joinville / AABJ ,77,75,L. Sorocabana,https://lnb.com.br/noticias/que-sufoco-6/
465,17/18,07/12/2017,19:00,Caxias do Sul,66,65,Mogi,https://lnb.com.br/noticias/aqui-nao_-2/
466,17/18,07/12/2017,21:00,Vitória,77,75,Vasco da Gama,https://lnb.com.br/noticias/v-de-vitoria_/
467,17/18,09/12/2017,14:00,Paulistano,96,84,Basq. Cearense,https://lnb.com.br/noticias/altonivel/
468,17/18,09/12/2017,18:00,Joinville / AABJ ,61,67,Mogi,https://lnb.com.br/noticias/rumo-certo-2/
469,17/18,09/12/2017,19:00,Caxias do Sul,71,86,Pinheiros,https://lnb.com.br/noticias/6-e-contando/
470,17/18,11/12/2017,19:00,Joinville / AABJ ,82,90,Pinheiros,https://lnb.com.br/noticias/ware-time/
471,17/18,11/12/2017,20:15,Campo Mourão,60,66,Basq. Cearense,https://lnb.com.br/noticias/segurou-e-levou-2/
472,17/18,11/12/2017,21:00,Paulistano,84,66,Vitória,https://lnb.com.br/noticias/ta-subindo/
473,17/18,12/12/2017,20:00,L. Sorocabana,81,89,Bauru,https://lnb.com.br/noticias/de-volta-aos-trilhos_/
474,17/18,12/12/2017,20:00,Mogi,72,71,Sesi Franca,https://lnb.com.br/noticias/deixa-com-ele/
475,17/18,13/12/2017,20:00,Campo Mourão,65,72,Vitória,https://lnb.com.br/noticias/okories-day/
476,17/18,14/12/2017,20:00,Pinheiros,77,93,Bauru,https://lnb.com.br/noticias/desbancou-o-invicto/
477,17/18,14/12/2017,20:00,L. Sorocabana,79,87,Sesi Franca,https://lnb.com.br/noticias/vitoria-importante-4/
478,17/18,15/12/2017,19:45,Minas,76,83,Flamengo,https://lnb.com.br/noticias/sai-fora_/
479,17/18,16/12/2017,14:00,Mogi,72,69,Bauru,https://lnb.com.br/noticias/dupladecisiva/
480,17/18,16/12/2017,19:30,Pinheiros,80,77,Vitória,https://lnb.com.br/noticias/sim-ele-chuta/
481,17/18,17/12/2017,18:00,L. Sorocabana,75,78,Paulistano,https://lnb.com.br/noticias/emocao-de-sobra-8/
482,17/18,19/12/2017,19:30,Vasco da Gama,72,68,Botafogo,https://lnb.com.br/noticias/poder-decisao/
483,17/18,20/12/2017,19:30,Pinheiros,66,73,Mogi,https://lnb.com.br/noticias/o-topo-e-meu_/
484,17/18,20/12/2017,20:30,Basq. Cearense,67,76,Caxias do Sul,https://lnb.com.br/noticias/forca-do-sul/
485,17/18,20/12/2017,20:30,Vitória,88,68,Joinville / AABJ ,https://lnb.com.br/noticias/chama-os-gringos/
486,17/18,21/12/2017,20:00,Bauru,71,97,Flamengo,https://lnb.com.br/noticias/foi-gigante/
487,17/18,21/12/2017,20:00,Botafogo,74,93,Paulistano,https://lnb.com.br/noticias/no-momento/
488,17/18,21/12/2017,20:00,Vasco da Gama,84,59,Campo Mourão,https://lnb.com.br/noticias/pra-ganhar-moral-6/
489,17/18,21/12/2017,20:10,Sesi Franca,75,55,Minas,https://lnb.com.br/noticias/avassalador_-2/
490,17/18,22/12/2017,20:00,L. Sorocabana,75,77,Pinheiros,https://lnb.com.br/noticias/na-base-da-superacao/
491,17/18,22/12/2017,20:30,Basq. Cearense,80,66,Joinville / AABJ ,https://lnb.com.br/noticias/monstro-e-pouco/
492,17/18,22/12/2017,20:30,Vitória,70,69,Caxias do Sul,https://lnb.com.br/noticias/como-um-leao-2/
493,17/18,23/12/2017,11:00,Botafogo,67,64,Campo Mourão,https://lnb.com.br/noticias/dupla-emocao-2/
494,17/18,23/12/2017,11:00,Vasco da Gama,71,77,Paulistano,https://lnb.com.br/noticias/verdadeira-batalha-3/
495,17/18,23/12/2017,14:00,Sesi Franca,100,82,Flamengo,https://lnb.com.br/noticias/nota-100/
496,17/18,23/12/2017,18:00,Bauru,89,70,Minas,https://lnb.com.br/noticias/deu-show/
497,17/18,27/12/2017,19:30,Vitória,89,68,Basq. Cearense,https://lnb.com.br/noticias/festa-baiana-2/
498,17/18,28/12/2017,20:05,Caxias do Sul,72,63,Joinville / AABJ ,https://lnb.com.br/noticias/donodojogo/
499,17/18,29/12/2017,19:30,Pinheiros,77,90,Sesi Franca,https://lnb.com.br/noticias/melhor-impossivel-6/
500,17/18,30/12/2017,14:00,Flamengo,89,81,Vasco da Gama,https://lnb.com.br/noticias/edoflamengo/
501,17/18,03/01/2018,20:00,Mogi,80,84,Paulistano,https://lnb.com.br/noticias/que-comece-2018/
502,17/18,04/01/2018,20:00,Botafogo,60,77,Bauru,https://lnb.com.br/noticias/chamou-o-jogo/
503,17/18,05/01/2018,19:00,Minas,71,61,L. Sorocabana,https://lnb.com.br/noticias/de-volta-aos-trilhos__/
504,17/18,06/01/2018,14:00,Sesi Franca,68,55,Vitória,https://lnb.com.br/noticias/festa-completa-5/
505,17/18,07/01/2018,11:00,Minas,65,82,Mogi,https://lnb.com.br/noticias/vitoria-de-lider/
506,17/18,07/01/2018,18:00,Flamengo,72,68,Pinheiros,https://lnb.com.br/noticias/novovicelider/
507,17/18,08/01/2018,19:30,Paulistano,92,67,Campo Mourão,https://lnb.com.br/noticias/agora-sao-7/
508,17/18,08/01/2018,20:00,Joinville / AABJ ,74,94,Vasco da Gama,https://lnb.com.br/noticias/virada-cruzmaltina/
509,17/18,08/01/2018,20:00,Bauru,77,66,Vitória,https://lnb.com.br/noticias/festa-em-casa/
510,17/18,08/01/2018,20:10,Sesi Franca,79,59,Basq. Cearense,https://lnb.com.br/noticias/soalegria/
511,17/18,09/01/2018,21:00,Flamengo,77,71,Mogi,https://lnb.com.br/noticias/mengao-e-lider/
512,17/18,10/01/2018,19:00,Minas,80,75,Pinheiros,https://lnb.com.br/noticias/minas-storm/
513,17/18,10/01/2018,20:00,Joinville / AABJ ,68,63,Botafogo,https://lnb.com.br/noticias/hoje-nao_/
514,17/18,10/01/2018,20:00,Bauru,87,82,Basq. Cearense,https://lnb.com.br/noticias/sai-da-frente-8/
515,17/18,10/01/2018,20:05,Caxias do Sul,81,69,Vasco da Gama,https://lnb.com.br/noticias/que-virada-6/
516,17/18,11/01/2018,20:00,Flamengo,82,67,L. Sorocabana,https://lnb.com.br/noticias/o-cara-3/
517,17/18,12/01/2018,20:05,Caxias do Sul,73,63,Botafogo,https://lnb.com.br/noticias/casaforte/
518,17/18,13/01/2018,13:30,Vasco da Gama,67,81,Sesi Franca,https://lnb.com.br/noticias/dificilsegurar/
519,17/18,14/01/2018,11:00,Paulistano,75,64,Joinville / AABJ ,https://lnb.com.br/noticias/imparavel-4/
520,17/18,14/01/2018,12:00,Basq. Cearense,75,92,Flamengo,https://lnb.com.br/noticias/belo-presente/
521,17/18,14/01/2018,20:00,Vitória,82,57,Minas,https://lnb.com.br/noticias/hora-de-rugir/
522,17/18,15/01/2018,20:00,Botafogo,63,67,Sesi Franca,https://lnb.com.br/noticias/oitava-e-contando/
523,17/18,16/01/2018,19:30,Paulistano,88,70,Caxias do Sul,https://lnb.com.br/noticias/botecerteiro/
524,17/18,16/01/2018,19:30,Vitória,68,76,Flamengo,https://lnb.com.br/noticias/parapoucos/
525,17/18,16/01/2018,20:15,Campo Mourão,72,75,Joinville / AABJ ,https://lnb.com.br/noticias/deu-joinville/
526,17/18,16/01/2018,20:30,Basq. Cearense,66,58,Minas,https://lnb.com.br/noticias/vitoria-do-mestre/
527,17/18,17/01/2018,20:00,Mogi,82,73,L. Sorocabana,https://lnb.com.br/noticias/final-feliz-2/
528,17/18,17/01/2018,20:00,Vasco da Gama,86,87,Bauru,https://lnb.com.br/noticias/quanta-emocao-7/
529,17/18,18/01/2018,20:00,Vitória,79,76,Pinheiros,https://lnb.com.br/noticias/positivo-leao/
530,17/18,19/01/2018,20:00,Flamengo,107,54,Botafogo,https://lnb.com.br/noticias/noitemagica/
531,17/18,20/01/2018,14:00,Basq. Cearense,66,64,Pinheiros,https://lnb.com.br/noticias/com-emocao-3/
532,17/18,20/01/2018,14:00,Paulistano,88,79,Bauru,https://lnb.com.br/noticias/garoto-endiabrado/
533,17/18,20/01/2018,16:15,Campo Mourão,60,88,Sesi Franca,https://lnb.com.br/noticias/desde-o-inicio-3/
534,17/18,22/01/2018,19:30,Paulistano,88,74,Sesi Franca,https://lnb.com.br/noticias/ninguem-tira-5/
535,17/18,22/01/2018,20:00,Mogi,84,70,Botafogo,https://lnb.com.br/noticias/dever-de-casa-3/
536,17/18,22/01/2018,20:15,Campo Mourão,59,97,Bauru,https://lnb.com.br/noticias/pegou-fogo-5/
537,17/18,23/01/2018,19:30,Vasco da Gama,70,54,Minas,https://lnb.com.br/noticias/ritmo-da-colina/
538,17/18,23/01/2018,20:30,Basq. Cearense,83,64,L. Sorocabana,https://lnb.com.br/noticias/cearensetrincou/
539,17/18,25/01/2018,20:30,Vitória,95,69,L. Sorocabana,https://lnb.com.br/noticias/sem-sustos_-3/
540,17/18,26/01/2018,20:00,Joinville / AABJ ,70,76,Caxias do Sul,https://lnb.com.br/noticias/forca-dogrupo/
541,17/18,27/01/2018,14:00,Vasco da Gama,75,89,Flamengo,https://lnb.com.br/noticias/flabsoluto/
542,17/18,29/01/2018,19:00,Minas,74,81,Campo Mourão,https://lnb.com.br/noticias/campo-vivo/
543,17/18,30/01/2018,19:30,Sesi Franca,82,74,Caxias do Sul,https://lnb.com.br/noticias/alegria-completa/
544,17/18,30/01/2018,20:00,L. Sorocabana,75,80,Vasco da Gama,https://lnb.com.br/noticias/fezmagica/
545,17/18,31/01/2018,19:00,Bauru,88,41,Joinville / AABJ ,https://lnb.com.br/noticias/avalanche-bauruense/
546,17/18,31/01/2018,20:30,Basq. Cearense,78,77,Vitória,https://lnb.com.br/noticias/e-minha-3/
547,17/18,01/02/2018,19:00,Minas,80,88,Paulistano,https://lnb.com.br/noticias/e-contando/
548,17/18,01/02/2018,19:30,Pinheiros,80,77,Botafogo,https://lnb.com.br/noticias/de-volta-aos-trilhos-12/
549,17/18,01/02/2018,20:00,Mogi,89,80,Vasco da Gama,https://lnb.com.br/noticias/ele-ferveu/
550,17/18,01/02/2018,20:30,Flamengo,92,69,Campo Mourão,https://lnb.com.br/noticias/noite-de-festa-2/
551,17/18,02/02/2018,20:00,Bauru,73,85,Caxias do Sul,https://lnb.com.br/noticias/feito-expressivo/
552,17/18,02/02/2018,20:10,Sesi Franca,72,56,Joinville / AABJ ,https://lnb.com.br/noticias/so-vitorias/
553,17/18,03/02/2018,14:00,Flamengo,71,72,Paulistano,https://lnb.com.br/noticias/novolider/
554,17/18,03/02/2018,17:00,Pinheiros,72,76,Vasco da Gama,https://lnb.com.br/noticias/saiqueeminha/
555,17/18,03/02/2018,18:00,L. Sorocabana,68,75,Botafogo,https://lnb.com.br/noticias/fogo-aceso-3/
556,17/18,05/02/2018,20:15,Campo Mourão,69,97,Mogi,https://lnb.com.br/noticias/menino-de-ouro/
557,17/18,06/02/2018,19:30,Bauru,60,81,Sesi Franca,https://lnb.com.br/noticias/ditou-o-ritmo/
558,17/18,06/02/2018,20:00,Vasco da Gama,85,89,Vitória,https://lnb.com.br/noticias/superacao-baiana/
559,17/18,06/02/2018,20:00,Botafogo,70,68,Basq. Cearense,https://lnb.com.br/noticias/nova-gloria/
560,17/18,06/02/2018,20:00,Joinville / AABJ ,81,91,Flamengo,https://lnb.com.br/noticias/pouco-a-pouco-2/
561,17/18,06/02/2018,20:05,Caxias do Sul,71,91,Minas,https://lnb.com.br/noticias/adeus-jejum-2/
562,17/18,07/02/2018,19:30,Paulistano,84,59,L. Sorocabana,https://lnb.com.br/noticias/vitoria-de-lider-2/
563,17/18,07/02/2018,20:15,Campo Mourão,60,64,Pinheiros,https://lnb.com.br/noticias/bote-certeiro-4/
564,17/18,08/02/2018,20:00,Joinville / AABJ ,66,73,Minas,https://lnb.com.br/noticias/e-minha_/
565,17/18,08/02/2018,20:00,Botafogo,94,74,Vitória,https://lnb.com.br/noticias/trinca-especial/
566,17/18,08/02/2018,20:00,Vasco da Gama,96,92,Basq. Cearense,https://lnb.com.br/noticias/pra-ganhar-moral_/
567,17/18,08/02/2018,20:05,Caxias do Sul,75,98,Flamengo,https://lnb.com.br/noticias/onfire/
568,17/18,09/02/2018,19:30,Paulistano,84,67,Mogi,https://lnb.com.br/noticias/cade-o-freio/
569,17/18,12/02/2018,18:00,Paulistano,73,72,Pinheiros,https://lnb.com.br/noticias/emocao-e-folia/
570,17/18,14/02/2018,19:30,Pinheiros,90,75,Caxias do Sul,https://lnb.com.br/noticias/desde-o-inicio-4/
571,17/18,14/02/2018,20:00,L. Sorocabana,51,64,Joinville / AABJ ,https://lnb.com.br/noticias/passo-importante-5/
572,17/18,15/02/2018,19:00,Minas,66,81,Bauru,https://lnb.com.br/noticias/por-cima-3/
573,17/18,15/02/2018,20:30,Vitória,88,79,Campo Mourão,https://lnb.com.br/noticias/aqui-nao_-3/
574,17/18,15/02/2018,20:30,Basq. Cearense,60,81,Paulistano,https://lnb.com.br/noticias/com-autoridade-6/
575,17/18,15/02/2018,21:15,Flamengo,86,66,Sesi Franca,https://lnb.com.br/noticias/show-do-mengao/
576,17/18,16/02/2018,19:30,Pinheiros,108,59,Joinville / AABJ ,https://lnb.com.br/noticias/teverecorde/
577,17/18,16/02/2018,20:00,Mogi,76,75,Caxias do Sul,https://lnb.com.br/noticias/vocefalouemocao/
578,17/18,16/02/2018,20:00,Botafogo,87,94,Vasco da Gama,https://lnb.com.br/noticias/festa-cruzmaltina/
579,17/18,17/02/2018,14:00,Flamengo,75,61,Bauru,https://lnb.com.br/noticias/cartada-final/
580,17/18,17/02/2018,19:00,Basq. Cearense,77,69,Campo Mourão,https://lnb.com.br/noticias/mr-rebote/
581,17/18,17/02/2018,20:00,Vitória,68,90,Paulistano,https://lnb.com.br/noticias/quem-para-o-cap/
582,17/18,18/02/2018,11:00,Minas,65,84,Sesi Franca,https://lnb.com.br/noticias/sem-vacilar/
583,17/18,18/02/2018,19:00,Mogi,77,67,Joinville / AABJ ,https://lnb.com.br/noticias/dever-de-casa-4/
584,17/18,19/02/2018,20:00,L. Sorocabana,71,74,Caxias do Sul,https://lnb.com.br/noticias/sufoco-total/
585,17/18,20/02/2018,19:30,Botafogo,70,76,Minas,https://lnb.com.br/noticias/tudo-azul_/
586,17/18,23/02/2018,20:15,Campo Mourão,72,76,L. Sorocabana,https://lnb.com.br/noticias/vivos/
587,17/18,24/02/2018,14:00,Basq. Cearense,82,80,Mogi,https://lnb.com.br/noticias/capitao-clutch/
588,17/18,26/02/2018,19:30,Vitória,77,72,Mogi,https://lnb.com.br/noticias/deu-leao/
589,17/18,27/02/2018,19:30,Caxias do Sul,67,60,Basq. Cearense,https://lnb.com.br/noticias/para-vibrar/
590,17/18,27/02/2018,20:15,Campo Mourão,71,60,Botafogo,https://lnb.com.br/noticias/adeus-lanterna/
591,17/18,28/02/2018,20:00,Joinville / AABJ ,52,68,Vitória,https://lnb.com.br/noticias/e-do-leao/
592,17/18,28/02/2018,20:00,Bauru,95,73,L. Sorocabana,https://lnb.com.br/noticias/dominante-9/
593,17/18,01/03/2018,19:30,Paulistano,112,64,Botafogo,https://lnb.com.br/noticias/caraca-moleque/
594,17/18,01/03/2018,20:15,Campo Mourão,79,89,Vasco da Gama,https://lnb.com.br/noticias/embalo-cruzmaltino-2/
595,17/18,02/03/2018,20:00,Bauru,85,84,Pinheiros,https://lnb.com.br/noticias/foi-emocionante/
596,17/18,02/03/2018,20:00,Joinville / AABJ ,73,59,Basq. Cearense,https://lnb.com.br/noticias/demonstracao-de-forca_/
597,17/18,02/03/2018,20:05,Caxias do Sul,79,78,Vitória,https://lnb.com.br/noticias/emocao-nao-faltou/
598,17/18,02/03/2018,20:10,Sesi Franca,74,67,L. Sorocabana,https://lnb.com.br/noticias/no-sufoco-8/
599,17/18,03/03/2018,14:00,Paulistano,102,59,Vasco da Gama,https://lnb.com.br/noticias/cap-e-show/
600,17/18,03/03/2018,20:00,Flamengo,96,84,Minas,https://lnb.com.br/noticias/bolanele/
601,17/18,04/03/2018,11:00,Sesi Franca,87,79,Pinheiros,https://lnb.com.br/noticias/cadavezmaisperto/
602,17/18,05/03/2018,19:30,Vitória,82,77,Bauru,https://lnb.com.br/noticias/rugiu-alto-2/
603,17/18,06/03/2018,19:00,L. Sorocabana,63,70,Flamengo,https://lnb.com.br/noticias/dura-vitoria/
604,17/18,06/03/2018,20:00,Botafogo,88,77,Joinville / AABJ ,https://lnb.com.br/noticias/e-do-fogao/
605,17/18,06/03/2018,20:00,Vasco da Gama,70,87,Caxias do Sul,https://lnb.com.br/noticias/engatou-a-4a-3/
606,17/18,08/03/2018,19:30,Pinheiros,67,78,Flamengo,https://lnb.com.br/noticias/trio-decisivo/
607,17/18,08/03/2018,20:00,Vasco da Gama,83,56,Joinville / AABJ ,https://lnb.com.br/noticias/com-autoridade-7/
608,17/18,08/03/2018,20:00,Botafogo,76,67,Caxias do Sul,https://lnb.com.br/noticias/botoufogo/
609,17/18,08/03/2018,20:10,Sesi Franca,75,73,Mogi,https://lnb.com.br/noticias/sobrou-emocao/
610,17/18,08/03/2018,20:15,Campo Mourão,66,111,Paulistano,https://lnb.com.br/noticias/destruidor-de-novo/
611,17/18,10/03/2018,14:00,Mogi,72,75,Flamengo,https://lnb.com.br/noticias/clima-de-playoffs/
612,17/18,10/03/2018,18:00,Pinheiros,62,64,Minas,https://lnb.com.br/noticias/esquentouabriga/
613,17/18,11/03/2018,11:00,Basq. Cearense,75,73,Sesi Franca,https://lnb.com.br/noticias/como-um-carcara/
614,17/18,12/03/2018,19:00,Botafogo,84,90,Flamengo,https://lnb.com.br/noticias/o-classico-e-do-mengao/
615,17/18,12/03/2018,20:00,Mogi,76,39,Minas,https://lnb.com.br/noticias/dominante-10/
616,17/18,13/03/2018,19:30,Vitória,85,92,Sesi Franca,https://lnb.com.br/noticias/franca-e-g-4/
617,17/18,14/03/2018,20:00,L. Sorocabana,54,75,Minas,https://lnb.com.br/noticias/volta-por-cima-6/
618,17/18,15/03/2018,20:00,Bauru,75,76,Mogi,https://lnb.com.br/noticias/quartas-ai-vou-eu-2/
619,17/18,21/03/2018,19:30,Basq. Cearense,81,80,Bauru,https://lnb.com.br/noticias/noite-iluminada/
620,17/18,24/03/2018,14:00,Sesi Franca,93,61,Vasco da Gama,https://lnb.com.br/noticias/129106/
621,17/18,25/03/2018,11:00,Flamengo,87,85,Basq. Cearense,https://lnb.com.br/noticias/ta-na-briga/
622,17/18,25/03/2018,11:00,Minas,80,78,Vitória,https://lnb.com.br/noticias/faltapouco-2/
623,17/18,25/03/2018,11:00,Caxias do Sul,75,66,Campo Mourão,https://lnb.com.br/noticias/entre-os-8/
624,17/18,25/03/2018,11:00,Joinville / AABJ ,66,86,Paulistano,https://lnb.com.br/noticias/com-recordes/
625,17/18,25/03/2018,11:00,Bauru,103,78,Botafogo,https://lnb.com.br/noticias/rumo-certo-3/
626,17/18,27/03/2018,19:30,Flamengo,89,75,Vitória,https://lnb.com.br/noticias/mengaoelider/
627,17/18,27/03/2018,19:30,Pinheiros,80,69,L. Sorocabana,https://lnb.com.br/noticias/grande-passo-4/
628,17/18,27/03/2018,19:30,Caxias do Sul,81,80,Paulistano,https://lnb.com.br/noticias/quefacanha/
629,17/18,27/03/2018,19:30,Joinville / AABJ ,83,81,Campo Mourão,https://lnb.com.br/noticias/com-muita-emocao-2/
630,17/18,27/03/2018,19:30,Bauru,83,88,Vasco da Gama,https://lnb.com.br/noticias/ganhou-moral/
631,17/18,27/03/2018,19:30,Minas,75,63,Basq. Cearense,https://lnb.com.br/noticias/agora-e-torcer-2/
632,17/18,27/03/2018,19:30,Sesi Franca,104,67,Botafogo,https://lnb.com.br/noticias/fechou-bonito/
633,17/18,29/03/2018,20:00,Mogi,69,84,Pinheiros,https://lnb.com.br/noticias/missao-cumprida-2/
634,17/18,30/03/2018,19:00,L. Sorocabana,69,74,Mogi,https://lnb.com.br/noticias/encerramento/
635,17/18,31/03/2018,14:00,Botafogo,90,95,Caxias do Sul,https://lnb.com.br/noticias/bem-vindo-aos-playoffs/
636,17/18,01/04/2018,14:00,Minas,80,65,Vitória,https://lnb.com.br/noticias/minas-storm_/
637,17/18,02/04/2018,20:00,Vasco da Gama,84,93,Bauru,https://lnb.com.br/noticias/vitoria-braba/
638,17/18,03/04/2018,19:00,Basq. Cearense,73,82,Pinheiros,https://lnb.com.br/noticias/tomaram-conta/
639,17/18,03/04/2018,21:00,Caxias do Sul,79,52,Botafogo,https://lnb.com.br/noticias/licao-de-casa-4/
640,17/18,04/04/2018,19:30,Vitória,71,63,Minas,https://lnb.com.br/noticias/tudo-igual-13/
641,17/18,05/04/2018,19:00,Caxias do Sul,80,64,Botafogo,https://lnb.com.br/noticias/classificacao-inedita/
642,17/18,05/04/2018,21:00,Bauru,89,92,Vasco da Gama,https://lnb.com.br/noticias/chamouojogo/
643,17/18,06/04/2018,19:00,Pinheiros,60,64,Basq. Cearense,https://lnb.com.br/noticias/tudo-igual_/
644,17/18,06/04/2018,21:00,Vitória,74,65,Minas,https://lnb.com.br/noticias/hora-de-rugir-2/
645,17/18,07/04/2018,14:00,Bauru,83,79,Vasco da Gama,https://lnb.com.br/noticias/superacao-do-dragao/
646,17/18,08/04/2018,19:30,Pinheiros,62,75,Basq. Cearense,https://lnb.com.br/noticias/virou-com-estilo/
647,17/18,09/04/2018,19:30,Minas,75,64,Vitória,https://lnb.com.br/noticias/e-jogo5/
648,17/18,10/04/2018,19:30,Vasco da Gama,103,104,Bauru,https://lnb.com.br/noticias/podeacreditar/
649,17/18,11/04/2018,19:30,Basq. Cearense,64,63,Pinheiros,https://lnb.com.br/noticias/solta-o-grito-carcara/
650,17/18,12/04/2018,20:00,Vitória,111,117,Minas,https://lnb.com.br/noticias/batalha-epica-2/
651,17/18,14/04/2018,14:00,Caxias do Sul,60,63,Mogi,https://lnb.com.br/noticias/sanguefrio-2/
652,17/18,15/04/2018,14:00,Minas,70,84,Flamengo,https://lnb.com.br/noticias/1-a-0-fla/
653,17/18,16/04/2018,19:00,Bauru,81,76,Sesi Franca,https://lnb.com.br/noticias/nunca-duvide-do-dragao/
654,17/18,16/04/2018,21:00,Basq. Cearense,72,67,Paulistano,https://lnb.com.br/noticias/carcara-guerreiro/
655,17/18,17/04/2018,20:30,Flamengo,101,74,Minas,https://lnb.com.br/noticias/avalanche-rubro-negra/
656,17/18,18/04/2018,19:30,Mogi,69,57,Caxias do Sul,https://lnb.com.br/noticias/comautoridade/
657,17/18,19/04/2018,19:30,Flamengo,97,92,Minas,https://lnb.com.br/noticias/flamengo-na-semi/
658,17/18,19/04/2018,21:00,Sesi Franca,77,83,Bauru,https://lnb.com.br/noticias/que-isso-dragao/
659,17/18,20/04/2018,19:00,Paulistano,93,89,Basq. Cearense,https://lnb.com.br/noticias/tudoigual_/
660,17/18,20/04/2018,21:00,Mogi,54,65,Caxias do Sul,https://lnb.com.br/noticias/caxias-vivo/
661,17/18,21/04/2018,14:00,Sesi Franca,61,69,Bauru,https://lnb.com.br/noticias/3-x-0-bauru/
662,17/18,22/04/2018,11:00,Paulistano,79,68,Basq. Cearense,https://lnb.com.br/noticias/cap-na-frente/
663,17/18,23/04/2018,20:00,Caxias do Sul,70,80,Mogi,https://lnb.com.br/noticias/mogi-na-semi/
664,17/18,25/04/2018,19:30,Basq. Cearense,57,98,Paulistano,https://lnb.com.br/noticias/pode-vir-semi/
665,17/18,28/04/2018,14:00,Mogi,79,62,Flamengo,https://lnb.com.br/noticias/gigante-mogi/
666,17/18,30/04/2018,20:00,Bauru,72,78,Paulistano,https://lnb.com.br/noticias/disputa-intensa/
667,17/18,04/05/2018,20:00,Flamengo,74,88,Mogi,https://lnb.com.br/noticias/jogo-perfeito/
668,17/18,05/05/2018,14:00,Paulistano,59,70,Bauru,https://lnb.com.br/noticias/dragao-vivo/
669,17/18,07/05/2018,20:00,Flamengo,71,64,Mogi,https://lnb.com.br/noticias/flamengo-vivo/
670,17/18,08/05/2018,19:30,Paulistano,95,64,Bauru,https://lnb.com.br/noticias/que-isso-paulistano/
671,17/18,11/05/2018,20:00,Bauru,82,75,Paulistano,https://lnb.com.br/noticias/131597/
672,17/18,12/05/2018,14:00,Mogi,89,72,Flamengo,https://lnb.com.br/noticias/mogi-na-final/
673,17/18,14/05/2018,19:30,Paulistano,80,77,Bauru,https://lnb.com.br/noticias/e-final-paulistano/
674,17/18,19/05/2018,14:00,Mogi,82,99,Paulistano,https://lnb.com.br/noticias/grande-inicio/
675,17/18,24/05/2018,19:30,Paulistano,70,84,Mogi,https://lnb.com.br/noticias/tudo-igual-15/
676,17/18,26/05/2018,12:35,Paulistano,88,84,Mogi,https://lnb.com.br/noticias/2-x-1-cap/
677,17/18,02/06/2018,14:00,Mogi,76,82,Paulistano,https://lnb.com.br/noticias/paulistano-campeao/
